FID,OBJECTID,SHAPE,WC_ID,BEZIRK,STRASSE,ORTSANGABE,AKTIV,AKTIV_TXT,OEFFNUNGSZEIT,EINSCHRAENKUNGEN,PERSONALBETREUUNG,KATEGORIE,AUSSTATTUNG,ICON,ICON_TXT,KONTAKT,ABTEILUNG,INFORMATION,SE_ANNO_CAD_DATA
WCANLAGE2OGD.616574,616574,POINT (16.411219953536573 48.18168969489327),M48_0068,11,Hybler-Park / Pachmayergasse,,-1,JA,00:00-24:00 Uhr,ganzjährig ohne Einschränkungen,nein - gratis,barrierefrei 1; Pissoir; Herren 1,Euro Key,B,Barrierefrei,+43 (1) 546 48,MA 48,https://www.wien.gv.at/umwelt/ma48/sauberestadt/wc/,
WCANLAGE2OGD.616575,616575,POINT (16.333597912252372 48.20921535561561),M48_0096,16,Hofferplatz / Thaliastraße,,-1,JA,00:00-24:00 Uhr,ganzjährig ohne Einschränkungen,nein - gratis,Unisex 1; barrierefrei 1,Euro Key,B,Barrierefrei,+43 (1) 546 48,MA 48,https://www.wien.gv.at/umwelt/ma48/sauberestadt/wc/,
WCANLAGE2OGD.616576,616576,POINT (16.308932587240754 48.21285891520632),M48_0101,16,Stillfriedplatz,Thaliastraße/Ecke Roseggergasse,-1,JA,00:00-24:00 Uhr,ganzjährig ohne Einschränkungen,nein - gratis,Unisex 1; barrierefrei 1; Pissoir,Euro Key,B,Barrierefrei,+43 (1) 546 48,MA 48,https://www.wien.gv.at/umwelt/ma48/sauberestadt/wc/,
WCANLAGE2OGD.616577,616577,POINT (16.3358002455254 48.21330507463868),M48_0102,16,Yppenplatz,,-1,JA,00:00-24:00 Uhr,Sonn- und Feiertag geschlossen,Mo-Sa: 6:00-19:30 Uhr,Unisex 1; barrierefrei 2; Damen 1 Herren 1,"Defibrilator, Feuerlöscher, Erste Hilfe Kasten, Euro Key",B,Barrierefrei,+43 (1) 546 48,MA 48,https://www.wien.gv.at/umwelt/ma48/sauberestadt/wc/,
WCANLAGE2OGD.616578,616578,POINT (16.334629219980517 48.22146945703902),M48_0107,17,Dornerplatz,ggü. ONr. 9,-1,JA,00:00-24:00 Uhr,ganzjährig ohne Einschränkungen,nein - gratis,Unisex 1; barrierefrei 1; Pissoir,Euro Key,B,Barrierefrei,+43 (1) 546 48,MA 48,https://www.wien.gv.at/umwelt/ma48/sauberestadt/wc/,
WCANLAGE2OGD.616579,616579,POINT (16.33698316961091 48.22337481110489),M48_0114,18,Johann-Nepomuk-Vogel-Platz,Markt,-1,JA,06:00-23:00 Uhr,ganzjährig ohne Einschränkungen,nein - gratis,Unisex 1; barrierefrei 1; Pissoir,Euro Key,B,Barrierefrei,+43 (1) 546 48,MA 48,https://www.wien.gv.at/umwelt/ma48/sauberestadt/wc/,
WCANLAGE2OGD.616580,616580,POINT (16.32120293902325 48.26407031113531),M48_0120,19,Am Cobenzl,Parkplatz bei Bushaltestelle 38A,-1,JA,00:00-24:00 Uhr,ganzjährig ohne Einschränkungen,nein - gratis,Unisex 1; barrierefrei 1; Pissoir,Euro Key,B,Barrierefrei,+43 (1) 546 48,MA 48,https://www.wien.gv.at/umwelt/ma48/sauberestadt/wc/,
WCANLAGE2OGD.616581,616581,POINT (16.3448341962679 48.278615488620055),M48_0749,19,Leopoldsberg,Endstelle Linie 38A,-1,JA,00:00-24:00 Uhr,ganzjährig ohne Einschränkungen,nein - gratis,barrierefrei 1; Pissoir,keine,B,Barrierefrei,+43 (1) 546 48,MA 48,https://www.wien.gv.at/umwelt/ma48/sauberestadt/wc/,
WCANLAGE2OGD.616582,616582,POINT (16.355606780844546 48.206531739844955),M48_0047,7,Weghuberpark,Museumstraße ggü. Justizpalast,-1,JA,00:00-24:00 Uhr,ganzjährig ohne Einschränkungen,nein - gratis,Unisex 2; barrierefrei 1,Euro Key,B,Barrierefrei,+43 (1) 546 48,MA 48,https://www.wien.gv.at/umwelt/ma48/sauberestadt/wc/,
WCANLAGE2OGD.616583,616583,POINT (16.33448338372413 48.20573187449323),M48_0099,16,Ludo-Hartmann-Platz / Brunnengasse,,-1,JA,00:00-24:00 Uhr,ganzjährig ohne Einschränkungen,nein - gratis,Unisex 1; barrierefrei 1; Pissoir,Euro Key,B,Barrierefrei,+43 (1) 546 48,MA 48,https://www.wien.gv.at/umwelt/ma48/sauberestadt/wc/,
WCANLAGE2OGD.616584,616584,POINT (16.398357623891684 48.146734210368784),M48_0063,10,WIG 74,Eingang West,-1,JA,00:00-24:00 Uhr,ganzjährig ohne Einschränkungen,nein - gratis,Unisex 1; barrierefrei 1,Euro Key,B,Barrierefrei,+43 (1) 546 48,MA 48,https://www.wien.gv.at/umwelt/ma48/sauberestadt/wc/,
WCANLAGE2OGD.616585,616585,POINT (16.412811351822675 48.17430084559426),M48_0066,11,Geiselbergstraße / Gottschalkgasse,,-1,JA,00:00-24:00 Uhr,ganzjährig ohne Einschränkungen,nein - gratis,barrierefrei 1,Euro Key,B,Barrierefrei,+43 (1) 546 48,MA 48,https://www.wien.gv.at/umwelt/ma48/sauberestadt/wc/,
WCANLAGE2OGD.616586,616586,POINT (16.362026653623364 48.19836731911508),M48_0037,6,Alfred-Grünwald-Park,Eingang Linke Wienzeile,-1,JA,00:00-24:00 Uhr,ganzjährig ohne Einschränkungen,nein - gratis,Unisex 1; barrierefrei 1,Euro Key,B,Barrierefrei,+43 (1) 546 48,MA 48,https://www.wien.gv.at/umwelt/ma48/sauberestadt/wc/,
WCANLAGE2OGD.616587,616587,POINT (16.34405246768787 48.18764095069277),M48_0033,5,Bruno-Kreisky-Park,,-1,JA,00:00-24:00 Uhr,ganzjährig ohne Einschränkungen,Dez-Feb Mo-So: 12-18 Uhr; Mar-Nov Mo-So: 10-20 Uhr,Unisex 3; barrierefrei 1,"Defibrilator, Feuerlöscher, Erste Hilfe Kasten, Euro Key",B,Barrierefrei,+43 (1) 546 48,MA 48,https://www.wien.gv.at/umwelt/ma48/sauberestadt/wc/,
WCANLAGE2OGD.616588,616588,POINT (16.381182623686733 48.203180602612),M48_0028,3,Stadtpark,ggü. Reisnerstraße,-1,JA,00:00-24:00 Uhr,ganzjährig ohne Einschränkungen,"Mo-So, Ft: 10-20 Uhr",Unisex 3; barrierefrei 1,"Defibrilator, Feuerlöscher, Erste Hilfe Kasten, Euro Key",B,Barrierefrei,+43 (1) 546 48,MA 48,https://www.wien.gv.at/umwelt/ma48/sauberestadt/wc/,
WCANLAGE2OGD.616589,616589,POINT (16.269308667387477 48.15129701939514),M48_0164,23,Mauer,Rathauspark/Speisinger Straße ggü. ONr. 262,-1,JA,00:00-24:00 Uhr,ganzjährig ohne Einschränkungen,nein - gratis,Unisex 2; barrierefrei 1,Euro Key,B,Barrierefrei,+43 (1) 546 48,MA 48,https://www.wien.gv.at/umwelt/ma48/sauberestadt/wc/,
WCANLAGE2OGD.616590,616590,POINT (16.401187692931153 48.197794990817634),M48_0024,3,Kardinal-Nagl-Platz,Erdbergstraße/Rüdengasse,-1,JA,00:00-24:00 Uhr,ganzjährig ohne Einschränkungen,nein - gratis,Unisex 2; barrierefrei 1; Pissoir,Euro Key,B,Barrierefrei,+43 (1) 546 48,MA 48,https://www.wien.gv.at/umwelt/ma48/sauberestadt/wc/,
WCANLAGE2OGD.616591,616591,POINT (16.386148517208383 48.23778302849481),M48_0131,20,Allerheiligenplatz,ggü. ONr. 16,-1,JA,00:00-24:00 Uhr,ganzjährig ohne Einschränkungen,nein - gratis,Unisex 1; barrierefrei 1; Pissoir,Euro Key,B,Barrierefrei,+43 (1) 546 48,MA 48,https://www.wien.gv.at/umwelt/ma48/sauberestadt/wc/,
WCANLAGE2OGD.616592,616592,POINT (16.369662970821842 48.225951057608725),M48_0134,20,Gaußplatz,im Park,-1,JA,00:00-24:00 Uhr,ganzjährig ohne Einschränkungen,nein - gratis,Unisex 1; barrierefrei 1; Pissoir,Euro Key,B,Barrierefrei,+43 (1) 546 48,MA 48,https://www.wien.gv.at/umwelt/ma48/sauberestadt/wc/,
WCANLAGE2OGD.616593,616593,POINT (16.4236293095512 48.22644923215269),M48_0154,22,Schüttauplatz / Moissigasse,,-1,JA,00:00-24:00 Uhr,ganzjährig ohne Einschränkungen,nein - gratis,Unisex 1; barrierefrei 1; Pissoir,Euro Key,B,Barrierefrei,+43 (1) 546 48,MA 48,https://www.wien.gv.at/umwelt/ma48/sauberestadt/wc/,
WCANLAGE2OGD.616594,616594,POINT (16.3377862338407 48.201099903590304),M48_0046,7,Urban-Loritz-Platz,Haltestelle Linie 49,-1,JA,00:00-24:00 Uhr,ganzjährig ohne Einschränkungen,"Okt-Apr: Mo-So, Ft: 14-19 Uhr; Mai-Sep: Mo-So, Ft: 15-20 Uhr",Unisex 2; barrierefrei 1,Euro Key,B,Barrierefrei,+43 (1) 546 48,MA 48,https://www.wien.gv.at/umwelt/ma48/sauberestadt/wc/,
WCANLAGE2OGD.616595,616595,POINT (16.380443362626725 48.20689435443885),M48_0003,1,Parkring / Wollzeile,,-1,JA,00:00-24:00 Uhr,ganzjährig ohne Einschränkungen,nein - gratis,Unisex 2; barrierefrei 1; Pissoir,Euro Key,B,Barrierefrei,+43 (1) 546 48,MA 48,https://www.wien.gv.at/umwelt/ma48/sauberestadt/wc/,
WCANLAGE2OGD.616596,616596,POINT (16.359223323071618 48.21155949364786),M48_0005,1,Rathauspark / Felderstraße,,-1,JA,00:00-24:00 Uhr,ganzjährig ohne Einschränkungen,"Mo-So, Ft: 9-17 Uhr",Unisex 1; barrierefrei 1; Pissoir; Damen 4; Herren 2,"Defibrilator, Feuerlöscher, Erste Hilfe Kasten",B,Barrierefrei,+43 (1) 546 48,MA 48,https://www.wien.gv.at/umwelt/ma48/sauberestadt/wc/,
WCANLAGE2OGD.616678,616678,POINT (16.46019379708266 48.19762670210127),M45_MWC11,22,Neue Donau,Grillzone Steinspornbrücke,-1,JA,00:00-24:00 Uhr,ganzjährig ohne Einschränkungen,nein - gratis,unisex 1,,U,Damen und Herren,0043 1 4000 96530,MA 45,https://www.wien.gv.at/umwelt/gewaesser/,
WCANLAGE2OGD.616679,616679,POINT (16.46548931535324 48.1904658350102),M45_MWC61,22,Donauinsel,Grillplatz Nr. 15,-1,JA,00:00-24:00 Uhr,ganzjährig ohne Einschränkungen,nein - gratis,unisex 1,,U,Damen und Herren,0043 1 4000 96530,MA 45,https://www.wien.gv.at/umwelt/gewaesser/,
WCANLAGE2OGD.616680,616680,POINT (16.474801033731136 48.18784699985463),M45_BKZ04,22,Neue Donau,MOSQUITO,-1,JA,9:00-21:00 Uhr,Wintersperre,9 - 21 Uhr - gratis,,,U,Damen und Herren,0043 1 4000 96530,MA 45,https://www.wien.gv.at/umwelt/gewaesser/,
WCANLAGE2OGD.616681,616681,POINT (16.384752366252165 48.250159783113624),M45_FWC01,21,Donauinsel,"zw. ND-km 15,5 - 15,4",-1,JA,00:00-24:00 Uhr,ganzjährig ohne Einschränkungen,"nein - 0,50 €",Unisex 1; barrierefrei 1; Pissoir,Euro-Key,B,Barrierefrei,0043 1 4000 96530,MA 45,https://www.wien.gv.at/umwelt/gewaesser/,
WCANLAGE2OGD.616682,616682,POINT (16.501763047939857 48.170815432977676),M45_FWC06,22,Neue Donau,"zw. ND-km 3,1 - 3,0",-1,JA,00:00-24:00 Uhr,Wintersperre,nein - gratis,Damen 1; Herren 1; barrierefrei 2,,U,Damen und Herren,0043 1 4000 96530,MA 45,https://www.wien.gv.at/umwelt/gewaesser/,
WCANLAGE2OGD.616683,616683,POINT (16.40253590401437 48.23904768244886),M45_FWC10,21,Neue Donau,Grillzone Brigittenauer Bucht,-1,JA,00:00-24:00 Uhr,Wintersperre,nein - gratis,Damen 1; Herren 1; barrierefrei 2,,U,Damen und Herren,0043 1 4000 96530,MA 45,https://www.wien.gv.at/umwelt/gewaesser/,
WCANLAGE2OGD.616684,616684,POINT (16.350446040532 48.297780672271905),M45_FWC13,21,Neue Donau,"zw. ND-km 21,4 - 21,3",-1,JA,00:00-24:00 Uhr,Wintersperre,nein - gratis,Damen 1; Herren 1; barrierefrei 2,,U,Damen und Herren,0043 1 4000 96530,MA 45,https://www.wien.gv.at/umwelt/gewaesser/,
WCANLAGE2OGD.616685,616685,POINT (16.508577670994196 48.16663770302299),M45_FWC05,22,Neue Donau,"zw. ND-km 2,4 - 2,3",-1,JA,00:00-24:00 Uhr,Wintersperre,nein - gratis,Damen 1; Herren 1; barrierefrei 2,,U,Damen und Herren,0043 1 4000 96530,MA 45,https://www.wien.gv.at/umwelt/gewaesser/,
WCANLAGE2OGD.616686,616686,POINT (16.491254565909113 48.17725528925134),M45_FWC07,22,Neue Donau,"zw. ND-km 4,2 - 4,1",-1,JA,00:00-24:00 Uhr,Wintersperre,nein - gratis,Damen 1; Herren 1; barrierefrei 2,,U,Damen und Herren,0043 1 4000 96530,MA 45,https://www.wien.gv.at/umwelt/gewaesser/,
WCANLAGE2OGD.616687,616687,POINT (16.365713159190044 48.279101992374784),M45_FWC12,21,Neue Donau,"zw. ND-km 19,0 - 18,9",-1,JA,00:00-24:00 Uhr,Wintersperre,nein - gratis,Damen 1; Herren 1; barrierefrei 2,,U,Damen und Herren,0043 1 4000 96530,MA 45,https://www.wien.gv.at/umwelt/gewaesser/,
WCANLAGE2OGD.616688,616688,POINT (16.50615102705215 48.16484849996956),M45_FWC04,22,Donauinsel,"zw. ND-km 2,4 - 2,3",-1,JA,00:00-24:00 Uhr,Wintersperre,nein - gratis,Damen 1; Herren 1; barrierefrei 2,,U,Damen und Herren,0043 1 4000 96530,MA 45,https://www.wien.gv.at/umwelt/gewaesser/,
WCANLAGE2OGD.616689,616689,POINT (16.401090186012173 48.234675502129434),M45_FWC02,22,Donauinsel,"zw. ND-km 13,4 - 13,3",-1,JA,00:00-24:00 Uhr,Wintersperre,nein - gratis,Damen 1; Herren 1; barrierefrei 2,,U,Damen und Herren,0043 1 4000 96530,MA 45,https://www.wien.gv.at/umwelt/gewaesser/,
WCANLAGE2OGD.616690,616690,POINT (16.428264859883488 48.21865821616552),M45_FWC09,22,Neue Donau,Grillplatz Nr. 6,-1,JA,00:00-24:00 Uhr,Wintersperre,nein - gratis,Damen 1; Herren 1; barrierefrei 2,,U,Damen und Herren,0043 1 4000 96530,MA 45,https://www.wien.gv.at/umwelt/gewaesser/,
WCANLAGE2OGD.616691,616691,POINT (16.375549574731618 48.26774333985316),M45_FWC11,21,Neue Donau,Grillplatz Nr. 1 und 13,-1,JA,00:00-24:00 Uhr,Wintersperre,nein - gratis,Damen 1; Herren 1; barrierefrei 2,,U,Damen und Herren,0043 1 4000 96530,MA 45,https://www.wien.gv.at/umwelt/gewaesser/,
WCANLAGE2OGD.616692,616692,POINT (16.464153832753947 48.194896280777286),M45_FWC08,22,Neue Donau,"zw. ND.km 7,0 - 6,9",-1,JA,00:00-24:00 Uhr,Wintersperre,nein - gratis,Damen 1; Herren 1; barrierefrei 2,,U,Damen und Herren,0043 1 4000 96530,MA 45,https://www.wien.gv.at/umwelt/gewaesser/,
WCANLAGE2OGD.616693,616693,POINT (16.43324103299354 48.212368363768775),M45_FWC03,22,Donauinsel,"zw. ND-km 10,0 - 9,9",-1,JA,00:00-24:00 Uhr,Wintersperre,nein - gratis,Damen 1; Herren 1; barrierefrei 2,,U,Damen und Herren,0043 1 4000 96530,MA 45,https://www.wien.gv.at/umwelt/gewaesser/,
WCANLAGE2OGD.616694,616694,POINT (16.391331584082693 48.244059424002124),M45_FWC20,21,Donauinsel,"zw. ND-km 14,7 - 14,6",-1,JA,00:00-24:00 Uhr,ganzjährig ohne Einschränkungen,"nein - 0,50 €",Unisex 2; barrierefrei 1; Pissoir,Euro-Key,B,Barrierefrei,0043 1 4000 96530,MA 45,https://www.wien.gv.at/umwelt/gewaesser/,
WCANLAGE2OGD.616695,616695,POINT (16.397495163464402 48.243514824996566),M45_FWC22,21,Neue Donau,Familienbadestrand,-1,JA,00:00-24:00 Uhr,ganzjährig ohne Einschränkungen,"nein - 0,50 €",Damen 1; Herren 1; barrierefrei 2,Euro-Key,B,Barrierefrei,0043 1 4000 96530,MA 45,https://www.wien.gv.at/umwelt/gewaesser/,
WCANLAGE2OGD.616696,616696,POINT (16.22508999894557 48.20640365584744),M45_MWC47,14,Wientalstraße,Grillzone,-1,JA,00:00-24:00 Uhr,Wintersperre,nein - gratis,unisex 1,,U,Damen und Herren,0043 1 4000 96530,MA 45,https://www.wien.gv.at/umwelt/gewaesser/,
WCANLAGE2OGD.616697,616697,POINT (16.224857998795635 48.20667814937477),M45_MWC46,14,Wientalstraße,Grillzone,-1,JA,00:00-24:00 Uhr,Wintersperre,nein - gratis,unisex 1,,U,Damen und Herren,0043 1 4000 96530,MA 45,https://www.wien.gv.at/umwelt/gewaesser/,
WCANLAGE2OGD.616698,616698,POINT (16.225647465428114 48.20603397061562),M45_MWC48,14,Wientalstraße,Grillzone,-1,JA,00:00-24:00 Uhr,Wintersperre,nein - gratis,unisex 1,,U,Damen und Herren,0043 1 4000 96530,MA 45,https://www.wien.gv.at/umwelt/gewaesser/,
WCANLAGE2OGD.616699,616699,POINT (16.41549451788151 48.24283295795582),M45_FWC21,21,Arbeiterstrandbadstraße 89,ArbeiterInnenstrand,-1,JA,00:00-24:00 Uhr,Wintersperre,"nein - 0,50 €",Damen 1; Herren 1; barrierefrei 2,Euro-Key,B,Barrierefrei,0043 1 4000 96530,MA 45,https://www.wien.gv.at/umwelt/gewaesser/,
WCANLAGE2OGD.616700,616700,POINT (16.417815434175388 48.22627139742287),M45_FWC26,22,Neue Donau,Radmotorikpark,-1,JA,00:00-24:00 Uhr,ganzjährig ohne Einschränkungen,"nein - 0,50 €",Unisex 2; barrierefrei 1; Pissoir,Euro-Key,B,Barrierefrei,0043 1 4000 96530,MA 45,https://www.wien.gv.at/umwelt/gewaesser/,
WCANLAGE2OGD.616701,616701,POINT (16.405357311420087 48.23166771405104),M45_FWC27,22,Donauinsel,Pier 22,-1,JA,00:00-24:00 Uhr,ganzjährig ohne Einschränkungen,"nein - 0,50 €",Unisex 1; barrierefrei 1; Pissior,Euro-Key,B,Barrierefrei,0043 1 4000 96530,MA 45,https://www.wien.gv.at/umwelt/gewaesser/,
WCANLAGE2OGD.616702,616702,POINT (16.410316856074687 48.24905113379645),M45_MWC86,22,An der Oberen Alten Donau,,-1,JA,00:00-24:00 Uhr,Wintersperre,nein - gratis,unisex 1; barrierefrei 1,,B,Barrierefrei,0043 1 4000 96530,MA 45,https://www.wien.gv.at/umwelt/gewaesser/,
WCANLAGE2OGD.616703,616703,POINT (16.416225802392965 48.246655872670225),M45_MWC89,21,An der Oberen Alten Donau,,-1,JA,00:00-24:00 Uhr,Wintersperre,nein - gratis,unisex 1; barrierefrei 1,,B,Barrierefrei,0043 1 4000 96530,MA 45,https://www.wien.gv.at/umwelt/gewaesser/,
WCANLAGE2OGD.616704,616704,POINT (16.417755808184385 48.2460280984363),M45_MWC90,21,An der oberen Alten Donau,,-1,JA,00:00-24:00 Uhr,Wintersperre,nein - gratis,unisex 1,,U,Damen und Herren,0043 1 4000 96530,MA 45,https://www.wien.gv.at/umwelt/gewaesser/,
WCANLAGE2OGD.616705,616705,POINT (16.37316405833304 48.21738631300338),M45_FWC_L1,2,Vilma-Steindling-Promenade,"Höhe U2 Ausgang, unten am Donaukanal",-1,JA,00:00-24:00 Uhr,Wintersperre,nein - gratis,Unisex 1; Damen 1; Herren 1; Pissior,,U,Damen und Herren,0043 1 4000 96530,MA 45,https://www.wien.gv.at/umwelt/gewaesser/,
WCANLAGE2OGD.616706,616706,POINT (16.379759857446032 48.21167077655076),M45_FWC_R2,1,Wolfgang-Schmitz-Promenade,ggü. Franz-Josefs-Kai 11; unten am Donaukanal,-1,JA,00:00-24:00 Uhr,Wintersperre,nein - gratis,Unisex 1; Damen 1; Herren 1; Pissior,,U,Damen und Herren,0043 1 4000 96530,MA 45,https://www.wien.gv.at/umwelt/gewaesser/,
WCANLAGE2OGD.616707,616707,POINT (16.37527714060354 48.2146379964209),M45_FWC_L2,2,Vilma-Steindling-Promenade,"stromauf der Salztorbrücke, unten am Donaukanal",-1,JA,00:00-24:00 Uhr,Wintersperre,nein - gratis,Unisex 1; Damen 1; Herren 1; Pissior,,U,Damen und Herren,0043 1 4000 96530,MA 45,https://www.wien.gv.at/umwelt/gewaesser/,
WCANLAGE2OGD.616708,616708,POINT (16.381364459494772 48.21222049439414),M45_FWC_L3,2,Gisela-Webezirk-Promenade,"ggü. Untere Donaustraße 9, unten am Donaukanal",-1,JA,00:00-24:00 Uhr,Wintersperre,nein - gratis,Unisex 1; Damen 1; Herren 1; Pissior,,U,Damen und Herren,0043 1 4000 96530,MA 45,https://www.wien.gv.at/umwelt/gewaesser/,
WCANLAGE2OGD.616709,616709,POINT (16.422135580591355 48.22326595080747),M45_MWC93,22,Neue Donau,Arena Beach,-1,JA,00:00-24:00 Uhr,Wintersperre,nein - gratis,unisex 1; barrierefrei 1,,B,Barrierefrei,0043 1 4000 96530,MA 45,https://www.wien.gv.at/umwelt/gewaesser/,
WCANLAGE2OGD.616710,616710,POINT (16.422104280540854 48.22328691397655),M45_MWC94,22,Neue Donau,Arena Beach,-1,JA,00:00-24:00 Uhr,Wintersperre,nein - gratis,unisex 1; barrierefrei 1,,B,Barrierefrei,0043 1 4000 96530,MA 45,https://www.wien.gv.at/umwelt/gewaesser/,
WCANLAGE2OGD.616711,616711,POINT (16.417311181991877 48.22275106257982),M45_MWC96,22,Donauinsel,stromauf Kaisermühlenbrücke,-1,JA,00:00-24:00 Uhr,ganzjährig ohne Einschränkungen,nein - gratis,unisex 1,,U,Damen und Herren,0043 1 4000 96530,MA 45,https://www.wien.gv.at/umwelt/gewaesser/,
WCANLAGE2OGD.616712,616712,POINT (16.427402483197692 48.21915990730044),M45_MWC95,22,Neue Donau,Parkplatz Kaisermühlen,-1,JA,00:00-24:00 Uhr,ganzjährig ohne Einschränkungen,nein - gratis,unisex 1,,U,Damen und Herren,0043 1 4000 96530,MA 45,https://www.wien.gv.at/umwelt/gewaesser/,
WCANLAGE2OGD.616597,616597,POINT (16.358468448878966 48.20981747696935),M48_0006,1,Rathauspark / Lichtenfelsgasse,,-1,JA,00:00-24:00 Uhr,ganzjährig ohne Einschränkungen,"Mo-So, Ft: 9-17 Uhr",Unisex 1; barrierefrei 1; Pissoir; Damen 4; Herren 2,"Defibrilator, Feuerlöscher, Erste Hilfe Kasten",B,Barrierefrei,+43 (1) 546 48,MA 48,https://www.wien.gv.at/umwelt/ma48/sauberestadt/wc/,
WCANLAGE2OGD.616598,616598,POINT (16.368700650279116 48.20123892417996),WL_004,4,SANIFAIR U-Bahn Station Karlsplatz,,-1,JA,00:00-24:00 Uhr,ganzjährig ohne Einschränkungen,"10:00-18:00 Uhr, Nacht/Barrierefreies - WC 24/7 geöffnet",Damen 5; Herren 5; Pissoir 5; barrierefrei 1,"Babywickelraum, Wickeltisch, Barrierefreies WC, Eurokey, Nacht WC, Handdesinfektion",B,Barrierefrei,+43 (0) 800 95 55 777,Wr. Linien,,
WCANLAGE2OGD.616599,616599,POINT (16.47962024533329 48.242010225219126),M48_0151,22,Badeteich Hirschstetten,Ziegelhofstraße ggü. ONr. 36,-1,JA,00:00-24:00 Uhr,ganzjährig ohne Einschränkungen,nein - gratis,Unisex 1; barrierefrei 1; Herren 1; Pissoir,Euro Key,B,Barrierefrei,+43 (1) 546 48,MA 48,https://www.wien.gv.at/umwelt/ma48/sauberestadt/wc/,
WCANLAGE2OGD.616600,616600,POINT (16.33946600780644 48.18167884366958),M48_0073,12,Steinbauerpark / Steinbauergasse,,-1,JA,00:00-24:00 Uhr,ganzjährig ohne Einschränkungen,nein - gratis,Unisex 1; barrierefrei 1; Pissoir,keine,B,Barrierefrei,+43 (1) 546 48,MA 48,https://www.wien.gv.at/umwelt/ma48/sauberestadt/wc/,
WCANLAGE2OGD.616601,616601,POINT (16.36749280963984 48.18704715954778),M48_0030,4,Alois-Drasche-Park / Seisgasse,,-1,JA,00:00-24:00 Uhr,ganzjährig ohne Einschränkungen,nein - gratis,Unisex 1; barrierefrei 1; Pissoir,Euro Key,B,Barrierefrei,+43 (1) 546 48,MA 48,https://www.wien.gv.at/umwelt/ma48/sauberestadt/wc/,
WCANLAGE2OGD.616602,616602,POINT (16.364344230243752 48.18017766535316),M48_0061,10,Waldmüllerpark / Dampfgasse,,-1,JA,00:00-24:00 Uhr,ganzjährig ohne Einschränkungen,nein - gratis,Unisex 1; barrierefrei 1; Pissoir,Euro Key,B,Barrierefrei,+43 (1) 546 48,MA 48,https://www.wien.gv.at/umwelt/ma48/sauberestadt/wc/,
WCANLAGE2OGD.616603,616603,POINT (16.302543010847664 48.18573174293894),M48_0075,13,Am Platz,,-1,JA,00:00-24:00 Uhr,ganzjährig ohne Einschränkungen,nein - gratis,Unisex 1; barrierefrei 1; Pissoir,Euro Key,B,Barrierefrei,+43 (1) 546 48,MA 48,https://www.wien.gv.at/umwelt/ma48/sauberestadt/wc/,
WCANLAGE2OGD.616604,616604,POINT (16.260529562819055 48.196029141069715),M48_0077,13,Lilienberggasse / Hietzinger Kai,,-1,JA,00:00-24:00 Uhr,ganzjährig ohne Einschränkungen,nein - gratis,Pissoir,keine,M,Herren,+43 (1) 546 48,MA 48,https://www.wien.gv.at/umwelt/ma48/sauberestadt/wc/,
WCANLAGE2OGD.616605,616605,POINT (16.378195688502316 48.171945587229665),M48_0056,10,Antonsplatz / Schröttergasse,,-1,JA,00:00-24:00 Uhr,ganzjährig ohne Einschränkungen,nein - gratis,Pissoir,keine,M,Herren,+43 (1) 546 48,MA 48,https://www.wien.gv.at/umwelt/ma48/sauberestadt/wc/,
WCANLAGE2OGD.616606,616606,POINT (16.292395810168713 48.1826781318028),M48_0074,13,Alois-Krauß-Promenade / Gloriettegasse,,-1,JA,00:00-24:00 Uhr,ganzjährig ohne Einschränkungen,nein - gratis,Pissoir,keine,M,Herren,+43 (1) 546 48,MA 48,https://www.wien.gv.at/umwelt/ma48/sauberestadt/wc/,
WCANLAGE2OGD.616607,616607,POINT (16.281806836651544 48.13560717394585),M48_0163,23,Liesinger Anger,Breitenfurter Str. - Lehmang. ggü. ONr. 3a,-1,JA,00:00-24:00 Uhr,ganzjährig ohne Einschränkungen,"nein - 0,50 €",Unisex 1; barrierefrei 1,Euro Key,B,Barrierefrei,+43 (1) 546 48,MA 48,https://www.wien.gv.at/umwelt/ma48/sauberestadt/wc/,
WCANLAGE2OGD.616608,616608,POINT (16.386362902555575 48.22281928164388),M48_0019,2,Volkertmarkt,,-1,JA,00:00-24:00 Uhr,ganzjährig ohne Einschränkungen,nein - gratis,Unisex 1; barrierefrei 1; Pissoir; Damen 2; Herren 2,Euro Key,B,Barrierefrei,+43 (1) 546 48,MA 48,https://www.wien.gv.at/umwelt/ma48/sauberestadt/wc/,
WCANLAGE2OGD.616609,616609,POINT (16.436396516406113 48.22292675957519),M48_0935,22,Große-Bucht-Straße,An der unteren alten Donau ggü. 149,-1,JA,00:00-24:00 Uhr,ganzjährig ohne Einschränkungen,nein - gratis,Unisex 1; barrierefrei 1,keine,B,Barrierefrei,+43 (1) 546 48,MA 48,https://www.wien.gv.at/umwelt/ma48/sauberestadt/wc/,
WCANLAGE2OGD.616610,616610,POINT (16.37079866872482 48.19938691889272),M48_0949,4,Resselpark,,-1,JA,00:00-24:00 Uhr,ganzjährig ohne Einschränkungen,"Apr.-Okt. Mo-Mi: 12-22 Uhr Do-So, Ft.: 12-24 Uhr; Nov.-März Mo-So,Ft.: 12-21Uhr",Unisex 2; barrierefrei 1; Pissoir,"Defibrilator, Feuerlöscher, Erste Hilfe Kasten",B,Barrierefrei,+43 (1) 546 48,MA 48,https://www.wien.gv.at/umwelt/ma48/sauberestadt/wc/,
WCANLAGE2OGD.616611,616611,POINT (16.396825631632215 48.218966579152976),M48_0933,2,Venediger Au,,-1,JA,00:00-24:00 Uhr,ganzjährig ohne Einschränkungen,nein - gratis,Unisex 1; barrierefrei 1,keine,B,Barrierefrei,+43 (1) 546 48,MA 48,https://www.wien.gv.at/umwelt/ma48/sauberestadt/wc/,
WCANLAGE2OGD.616612,616612,POINT (16.350433108207465 48.1858023539994),M48_0931,5,Einsiedlerpark,,-1,JA,00:00-24:00 Uhr,ganzjährig ohne Einschränkungen,,Unisex 1; barrierefrei 1; Pissoir,Wickeltisch,B,Barrierefrei,+43 (1) 546 48,MA 48,https://www.wien.gv.at/umwelt/ma48/sauberestadt/wc/,
WCANLAGE2OGD.616613,616613,POINT (16.34514634494827 48.21136447094729),M48_0932,8,Hamerlingpark,,-1,JA,00:00-24:00 Uhr,ganzjährig ohne Einschränkungen,nein - gratis,Unisex 1; barrierefrei 1,keine,B,Barrierefrei,+43 (1) 546 48,MA 48,https://www.wien.gv.at/umwelt/ma48/sauberestadt/wc/,
WCANLAGE2OGD.616614,616614,POINT (16.328916958094663 48.23132471265078),M48_0930,18,Gersthofer Markt,,-1,JA,00:00-24:00 Uhr,ganzjährig ohne Einschränkungen,nein - gratis,Unisex 1; barrierefrei 1,keine,B,Barrierefrei,+43 (1) 546 48,MA 48,https://www.wien.gv.at/umwelt/ma48/sauberestadt/wc/,
WCANLAGE2OGD.616615,616615,POINT (16.224823362567694 48.206724164753645),M45_MWC45,14,Wientalstraße,Grillzone,-1,JA,00:00-24:00 Uhr,Wintersperre,nein - gratis,unisex 1,,U,Damen und Herren,0043 1 4000 96530,MA 45,https://www.wien.gv.at/umwelt/gewaesser/,
WCANLAGE2OGD.616616,616616,POINT (16.462416859073333 48.177025403475014),M45_MWC37,11,Margetinstraße - Alberner Hafenzufahrtstraße,Grillzone,-1,JA,00:00-24:00 Uhr,Wintersperre,nein - gratis,unisex 1,,U,Damen und Herren,0043 1 4000 96530,MA 45,https://www.wien.gv.at/umwelt/gewaesser/,
WCANLAGE2OGD.616617,616617,POINT (16.460960548441264 48.17743893534273),M45_MWC39,11,Margetinstraße - Alberner Hafenzufahrtstraße,Grillzone,-1,JA,00:00-24:00 Uhr,Wintersperre,nein - gratis,unisex 1,,U,Damen und Herren,0043 1 4000 96530,MA 45,https://www.wien.gv.at/umwelt/gewaesser/,
WCANLAGE2OGD.616618,616618,POINT (16.45856864918443 48.178140022230394),M45_MWC41,11,Margetinstraße - Alberner Hafenzufahrtstraße,Grillzone,-1,JA,00:00-24:00 Uhr,Wintersperre,nein - gratis,unisex 1,,U,Damen und Herren,0043 1 4000 96530,MA 45,https://www.wien.gv.at/umwelt/gewaesser/,
WCANLAGE2OGD.616619,616619,POINT (16.461781731964315 48.17720583085844),M45_MWC38,11,Margetinstraße - Alberner Hafenzufahrtstraße,Grillzone,-1,JA,00:00-24:00 Uhr,Wintersperre,nein - gratis,unisex 1,,U,Damen und Herren,0043 1 4000 96530,MA 45,https://www.wien.gv.at/umwelt/gewaesser/,
WCANLAGE2OGD.616620,616620,POINT (16.460213325852173 48.17765900023553),M45_MWC40,11,Margetinstraße - Alberner Hafenzufahrtstraße,Grillzone,-1,JA,00:00-24:00 Uhr,Wintersperre,nein - gratis,unisex 1,,U,Damen und Herren,0043 1 4000 96530,MA 45,https://www.wien.gv.at/umwelt/gewaesser/,
WCANLAGE2OGD.616621,616621,POINT (16.45791047095259 48.178330996441666),M45_MWC42,11,Margetinstraße - Alberner Hafenzufahrtstraße,Grillzone,-1,JA,00:00-24:00 Uhr,Wintersperre,nein - gratis,unisex 1,,U,Damen und Herren,0043 1 4000 96530,MA 45,https://www.wien.gv.at/umwelt/gewaesser/,
WCANLAGE2OGD.616623,616623,POINT (16.348828657860157 48.284104185341995),M45_MWC52,19,Kuchelauer Hafen,,-1,JA,00:00-24:00 Uhr,Wintersperre,nein - gratis,unisex 1; barrierefrei 1,,B,Barrierefrei,0043 1 4000 96530,MA 45,https://www.wien.gv.at/umwelt/gewaesser/,
WCANLAGE2OGD.616624,616624,POINT (16.363427750222677 48.27568617802392),M45_MWC60,21,Donauinsel,"zw. ND-km 18,7 - 18,6",-1,JA,00:00-24:00 Uhr,ganzjährig ohne Einschränkungen,nein - gratis,unisex 1,,U,Damen und Herren,0043 1 4000 96530,MA 45,https://www.wien.gv.at/umwelt/gewaesser/,
WCANLAGE2OGD.616625,616625,POINT (16.386333777667563 48.249740905664034),M45_BKZ06,21,Donauinsel,Da PONTE Eissalon,-1,JA,10:00-18:00 Uhr,Wintersperre,10 - 18 Uhr - gratis,,,U,Damen und Herren,0043 1 4000 96530,MA 45,https://www.wien.gv.at/umwelt/gewaesser/,
WCANLAGE2OGD.616626,616626,POINT (16.38499591118459 48.24328584821096),M45_MWC23,20,Handelskai,Kinderspielplatz - Station Handelskai,-1,JA,00:00-24:00 Uhr,Wintersperre,nein - gratis,unisex 1,,U,Damen und Herren,0043 1 4000 96530,MA 45,https://www.wien.gv.at/umwelt/gewaesser/,
WCANLAGE2OGD.616627,616627,POINT (16.3913133370804 48.23775866845952),M45_MWC22,20,Handelskai,Kinderspielplatz - Brigittenauerbrücke,-1,JA,00:00-24:00 Uhr,Wintersperre,nein - gratis,unisex 1,,U,Damen und Herren,0043 1 4000 96530,MA 45,https://www.wien.gv.at/umwelt/gewaesser/,
WCANLAGE2OGD.616628,616628,POINT (16.404207356633794 48.237906920153875),M45_MWC01,22,Neue Donau,Grillzone Brigittenauer Bucht,-1,JA,00:00-24:00 Uhr,Wintersperre,nein - gratis,unisex 1; barrierefrei 1,,B,Barrierefrei,0043 1 4000 96530,MA 45,https://www.wien.gv.at/umwelt/gewaesser/,
WCANLAGE2OGD.616629,616629,POINT (16.404848164915627 48.237170872123635),M45_MWC02,22,Neue Donau,Grillzone Brigittenauer Bucht,-1,JA,00:00-24:00 Uhr,ganzjährig ohne Einschränkungen,nein - gratis,unisex 1,,U,Damen und Herren,0043 1 4000 96530,MA 45,https://www.wien.gv.at/umwelt/gewaesser/,
WCANLAGE2OGD.616630,616630,POINT (16.410799420217206 48.227774492809125),M45_MWC16,22,Donauinsel,Reichsbrücke,-1,JA,00:00-24:00 Uhr,ganzjährig ohne Einschränkungen,nein - gratis,unisex 1,,U,Damen und Herren,0043 1 4000 96530,MA 45,https://www.wien.gv.at/umwelt/gewaesser/,
WCANLAGE2OGD.616631,616631,POINT (16.41363195663798 48.22548187623246),M45_MWC17,22,Donauinsel,Wasserspielplatz,-1,JA,täglich 10-18 Uhr,Wintersperre,täglich 10-18 Uhr,unisex 1,,U,Damen und Herren,0043 1 4000 96530,MA 45,https://www.wien.gv.at/umwelt/gewaesser/,
WCANLAGE2OGD.616632,616632,POINT (16.413617188664283 48.225475106217424),M45_MWC18,22,Donauinsel,Wasserspielplatz,-1,JA,täglich 10-18 Uhr,Wintersperre,täglich 10-18 Uhr,unisex 1,,U,Damen und Herren,0043 1 4000 96530,MA 45,https://www.wien.gv.at/umwelt/gewaesser/,
WCANLAGE2OGD.616633,616633,POINT (16.41771190229499 48.22615882759756),M45_MWC72,22,Neue Donau,Radmotorikpark,-1,JA,00:00-24:00 Uhr,ganzjährig ohne Einschränkungen,nein - gratis,unisex 1; barrierefrei 1,,B,Barrierefrei,0043 1 4000 96530,MA 45,https://www.wien.gv.at/umwelt/gewaesser/,
WCANLAGE2OGD.616634,616634,POINT (16.46200080708548 48.19185538540926),M45_MWC20,22,Donauinsel,Grillplatz Nr. 14,-1,JA,00:00-24:00 Uhr,Wintersperre,nein - gratis,unisex 1,,U,Damen und Herren,0043 1 4000 96530,MA 45,https://www.wien.gv.at/umwelt/gewaesser/,
WCANLAGE2OGD.616635,616635,POINT (16.412708674228455 48.22084048531934),M45_MWC21,2,Handelskai,Kafkasteg,-1,JA,00:00-24:00 Uhr,Wintersperre,nein - gratis,unisex 1,,U,Damen und Herren,0043 1 4000 96530,MA 45,https://www.wien.gv.at/umwelt/gewaesser/,
WCANLAGE2OGD.616636,616636,POINT (16.429286113453724 48.20866908282195),M45_BKZ01,2,Handelskai 343,MARINA Restaurant,-1,JA,Di-Do und Sa-So 11:30 - 14:30 Fr 17:30 - 22:00,Wintersperre,Di-Do und Sa-So 11:30 - 14:30 Fr 17:30 - 22:00 - gratis,,,U,Damen und Herren,0043 1 4000 96530,MA 45,https://www.wien.gv.at/umwelt/gewaesser/,
WCANLAGE2OGD.616637,616637,POINT (16.474118091967895 48.19503615495679),M45_MWC32,22,Luitpold-Stern-Gasse,ggü. 44,-1,JA,00:00-24:00 Uhr,Wintersperre,nein - gratis,unisex 1,,U,Damen und Herren,0043 1 4000 96530,MA 45,https://www.wien.gv.at/umwelt/gewaesser/,
WCANLAGE2OGD.616638,616638,POINT (16.476172983472846 48.206427388292155),M45_MWC35,22,Biberhaufenweg,ggü. Mühlwasserpromenade,-1,JA,00:00-24:00 Uhr,Wintersperre,nein - gratis,unisex 1,,U,Damen und Herren,0043 1 4000 96530,MA 45,https://www.wien.gv.at/umwelt/gewaesser/,
WCANLAGE2OGD.616639,616639,POINT (16.457640152840085 48.21100523445122),M45_MWC34,22,Maschankzkagrund,,-1,JA,00:00-24:00 Uhr,Wintersperre,nein - gratis,unisex 1,,U,Damen und Herren,0043 1 4000 96530,MA 45,https://www.wien.gv.at/umwelt/gewaesser/,
WCANLAGE2OGD.616640,616640,POINT (16.463538265241482 48.20938654892628),M45_MWC36,22,Dotterblumenweg,Unteres Mühlwasser,-1,JA,00:00-24:00 Uhr,Wintersperre,nein - gratis,unisex 1,,U,Damen und Herren,0043 1 4000 96530,MA 45,https://www.wien.gv.at/umwelt/gewaesser/,
WCANLAGE2OGD.616641,616641,POINT (16.442118072886085 48.21983475383338),M45_MWC33,22,Kirschenalleeweg,ggü. 81 Oberes Mühlwasser,-1,JA,00:00-24:00 Uhr,Wintersperre,nein - gratis,unisex 1,,U,Damen und Herren,0043 1 4000 96530,MA 45,https://www.wien.gv.at/umwelt/gewaesser/,
WCANLAGE2OGD.616642,616642,POINT (16.411295574095636 48.248666845625955),M45_MWC24,21,An der oberen Alten Donau,Uferpark Mühlschüttel,-1,JA,00:00-24:00 Uhr,ganzjährig ohne Einschränkungen,nein - gratis,unisex 1; barrierefrei 1,,B,Barrierefrei,0043 1 4000 96530,MA 45,https://www.wien.gv.at/umwelt/gewaesser/,
WCANLAGE2OGD.616643,616643,POINT (16.416982959540263 48.246344983400526),M45_MWC25,21,An der oberen Alten Donau,ggü. 121A,-1,JA,00:00-24:00 Uhr,Wintersperre,nein - gratis,unisex 1,,U,Damen und Herren,0043 1 4000 96530,MA 45,https://www.wien.gv.at/umwelt/gewaesser/,
WCANLAGE2OGD.616622,616622,POINT (16.34652557376424 48.289343645444404),M45_MWC51,19,Kuchelauer Hafen,,-1,JA,00:00-24:00 Uhr,Wintersperre,nein - gratis,unisex 1; barrierefrei 1,,B,Barrierefrei,0043 1 4000 96530,MA 45,https://www.wien.gv.at/umwelt/gewaesser/,
WCANLAGE2OGD.616644,616644,POINT (16.43242477423266 48.234207618141305),M45_MWC27,22,An der unteren Alten Donau,ggü. 35,-1,JA,00:00-24:00 Uhr,Wintersperre,nein - gratis,unisex 1,,U,Damen und Herren,0043 1 4000 96530,MA 45,https://www.wien.gv.at/umwelt/gewaesser/,
WCANLAGE2OGD.616645,616645,POINT (16.429744430804764 48.238332320114104),M45_MWC26,22,Florian-Berndl-Gasse 2A,Kagraner Uferplatz,-1,JA,00:00-24:00 Uhr,ganzjährig ohne Einschränkungen,nein - gratis,unisex 1,,U,Damen und Herren,0043 1 4000 96530,MA 45,https://www.wien.gv.at/umwelt/gewaesser/,
WCANLAGE2OGD.616646,616646,POINT (16.433335522977345 48.23278660183716),M45_BKZ05,22,An der unteren Alten Donau 51,Naturfreunde,-1,JA,Mo-Sa 10:00-19:00 Uhr So 9:00-19 Uhr,Wintersperre,Mo-Sa 10 - 19 Uhr So 9 - 19 Uhr - gratis,,,U,Damen und Herren,0043 1 4000 96530,MA 45,https://www.wien.gv.at/umwelt/gewaesser/,
WCANLAGE2OGD.616647,616647,POINT (16.431106665577875 48.220778912998135),M45_FWC25,22,Dampfschiffhaufen 10,Strombucht,-1,JA,00:00-24:00 Uhr,ganzjährig ohne Einschränkungen,"nein - 0,50 €",Damen 1; Herren 1; barrierefrei 2,Euro-Key,B,Barrierefrei,0043 1 4000 96530,MA 45,https://www.wien.gv.at/umwelt/gewaesser/,
WCANLAGE2OGD.616648,616648,POINT (16.436370645499775 48.22644824579913),M45_MWC75,22,An der unteren Alten Donau / Lange Allee,,-1,JA,00:00-24:00 Uhr,ganzjährig ohne Einschränkungen,nein - gratis,unisex 1; barrierefrei 1,,B,Barrierefrei,0043 1 4000 96530,MA 45,https://www.wien.gv.at/umwelt/gewaesser/,
WCANLAGE2OGD.616649,616649,POINT (16.427350981145402 48.22340727123171),M45_MWC31,22,Schnitterweg / Harrachgasse,,-1,JA,00:00-24:00 Uhr,Wintersperre,nein - gratis,unisex 1,,U,Damen und Herren,0043 1 4000 96530,MA 45,https://www.wien.gv.at/umwelt/gewaesser/,
WCANLAGE2OGD.616650,616650,POINT (16.437225183322766 48.216712680407795),M45_MWC68,22,An der unteren Alten Donau,ggü. 239,-1,JA,00:00-24:00 Uhr,ganzjährig ohne Einschränkungen,nein - gratis,unisex 1,,U,Damen und Herren,0043 1 4000 96530,MA 45,https://www.wien.gv.at/umwelt/gewaesser/,
WCANLAGE2OGD.616651,616651,POINT (16.436262813823475 48.22138461437287),M45_MWC70,22,An der unteren Alten Donau,ggü. 169,-1,JA,00:00-24:00 Uhr,Wintersperre,nein - gratis,unisex 1; barrierefrei 1,,B,Barrierefrei,0043 1 4000 96530,MA 45,https://www.wien.gv.at/umwelt/gewaesser/,
WCANLAGE2OGD.616652,616652,POINT (16.436987247958015 48.21708404984032),M45_MWC62,22,An der unteren Alten Donau,ggü. 239,-1,JA,00:00-24:00 Uhr,Wintersperre,nein - gratis,unisex 1; barrierefrei 1,,B,Barrierefrei,0043 1 4000 96530,MA 45,https://www.wien.gv.at/umwelt/gewaesser/,
WCANLAGE2OGD.616653,616653,POINT (16.43639480258233 48.21914027991307),M45_MWC28,22,An der unteren Alten Donau,ggü. 211,-1,JA,00:00-24:00 Uhr,Wintersperre,nein - gratis,unisex 1,,U,Damen und Herren,0043 1 4000 96530,MA 45,https://www.wien.gv.at/umwelt/gewaesser/,
WCANLAGE2OGD.616654,616654,POINT (16.436394799531676 48.21912631257064),M45_MWC69,22,An der unteren Alten Donau,ggü. 211,-1,JA,00:00-24:00 Uhr,Wintersperre,nein - gratis,unisex 1; barrierefrei 1,,B,Barrierefrei,0043 1 4000 96530,MA 45,https://www.wien.gv.at/umwelt/gewaesser/,
WCANLAGE2OGD.616655,616655,POINT (16.43640481778391 48.2229255355559),M45_MWC57,22,An der unteren Alten Donau,ggü. 151,-1,JA,00:00-24:00 Uhr,Wintersperre,nein - gratis,unisex 1,,U,Damen und Herren,0043 1 4000 96530,MA 45,https://www.wien.gv.at/umwelt/gewaesser/,
WCANLAGE2OGD.616656,616656,POINT (16.43637933390332 48.222929364599096),M45_MWC58,22,An der unteren Alten Donau,ggü. 151,-1,JA,00:00-24:00 Uhr,Wintersperre,nein - gratis,unisex 1,,U,Damen und Herren,0043 1 4000 96530,MA 45,https://www.wien.gv.at/umwelt/gewaesser/,
WCANLAGE2OGD.616657,616657,POINT (16.436379370603134 48.22297435034202),M45_MWC71,22,An der unteren Alten Donau,ggü. 151,-1,JA,00:00-24:00 Uhr,ganzjährig ohne Einschränkungen,nein - gratis,unisex 1; barrierefrei 1,,B,Barrierefrei,0043 1 4000 96530,MA 45,https://www.wien.gv.at/umwelt/gewaesser/,
WCANLAGE2OGD.616658,616658,POINT (16.43134159690921 48.216893807314875),M45_MWC76,22,Neue Donau,"ND - km 10,3 Grillplatz 8",-1,JA,00:00-24:00 Uhr,Wintersperre,nein - gratis,unisex 1,,U,Damen und Herren,0043 1 4000 96530,MA 45,https://www.wien.gv.at/umwelt/gewaesser/,
WCANLAGE2OGD.616659,616659,POINT (16.431361687929517 48.21688372727645),M45_MWC77,22,Neue Donau,"ND - km 10,3 Grillplatz 8",-1,JA,00:00-24:00 Uhr,Wintersperre,nein - gratis,unisex 1; barrierefrei 1,,B,Barrierefrei,0043 1 4000 96530,MA 45,https://www.wien.gv.at/umwelt/gewaesser/,
WCANLAGE2OGD.616660,616660,POINT (16.43227935380907 48.21612634065323),M45_MWC82,22,Neue Donau,"ND - km 10,3 Grillplatz 8",-1,JA,00:00-24:00 Uhr,Wintersperre,nein - gratis,unisex 1; barrierefrei 1,,B,Barrierefrei,0043 1 4000 96530,MA 45,https://www.wien.gv.at/umwelt/gewaesser/,
WCANLAGE2OGD.616661,616661,POINT (16.464809689823618 48.191338038185286),M45_FWC23,22,Donauinsel,"zw. ND-km 6,7 - 6,6",-1,JA,00:00-24:00 Uhr,Wintersperre,nein - gratis,Damen 1; Herren 1; Pissoir,,U,Damen und Herren,0043 1 4000 96530,MA 45,https://www.wien.gv.at/umwelt/gewaesser/,
WCANLAGE2OGD.616662,616662,POINT (16.402327627195373 48.23892808274105),M45_MWC85,21,Neue Donau,Grillzone Brigittenauer Bucht,-1,JA,00:00-24:00 Uhr,Wintersperre,nein - gratis,unisex 1,,U,Damen und Herren,0043 1 4000 96530,MA 45,https://www.wien.gv.at/umwelt/gewaesser/,
WCANLAGE2OGD.616663,616663,POINT (16.415182784077288 48.247077811599944),M45_MWC43,21,An der Oberen Alten Donau,Mühlschüttelpark,-1,JA,00:00-24:00 Uhr,Wintersperre,nein - gratis,unisex 1; barrierefrei 1,,B,Barrierefrei,0043 1 4000 96530,MA 45,https://www.wien.gv.at/umwelt/gewaesser/,
WCANLAGE2OGD.616664,616664,POINT (16.412004781574282 48.24841975958984),M45_MWC87,21,An der Oberen Alten Donau,Mühlschüttelpark,-1,JA,00:00-24:00 Uhr,Wintersperre,nein - gratis,unisex 1,,U,Damen und Herren,0043 1 4000 96530,MA 45,https://www.wien.gv.at/umwelt/gewaesser/,
WCANLAGE2OGD.616665,616665,POINT (16.411248555250975 48.23120602834381),M45_FWC24,22,Copa Beach,"ND km 12,6 - stromauf der Reichsbrücke",-1,JA,00:00-24:00 Uhr,ganzjährig ohne Einschränkungen,"nein - 0,50 €",Unisex 1; barrierefrei 1; Pissoir,Euro-Key,B,Barrierefrei,0043 1 4000 96530,MA 45,https://www.wien.gv.at/umwelt/gewaesser/,
WCANLAGE2OGD.616666,616666,POINT (16.48033079074323 48.18436163169777),M45_MWC14,22,Neue Donau,"zw. ND-km 5,3 - 5,2",-1,JA,00:00-24:00 Uhr,ganzjährig ohne Einschränkungen,nein - gratis,unisex 1,,U,Damen und Herren,0043 1 4000 96530,MA 45,https://www.wien.gv.at/umwelt/gewaesser/,
WCANLAGE2OGD.616667,616667,POINT (16.486147312594266 48.18062420025266),M45_MWC59,22,Neue Donau,"zw. ND-km 4,6 - 4,5",-1,JA,00:00-24:00 Uhr,Wintersperre,nein - gratis,unisex 1,,U,Damen und Herren,0043 1 4000 96530,MA 45,https://www.wien.gv.at/umwelt/gewaesser/,
WCANLAGE2OGD.616668,616668,POINT (16.497452820266457 48.17342911650003),M45_MWC15,22,Neue Donau,"zw. ND-km 3,5 - 3,4",-1,JA,00:00-24:00 Uhr,ganzjährig ohne Einschränkungen,nein - gratis,unisex 1,,U,Damen und Herren,0043 1 4000 96530,MA 45,https://www.wien.gv.at/umwelt/gewaesser/,
WCANLAGE2OGD.616669,616669,POINT (16.42910332242434 48.21957963957639),M45_MWC30,22,Schnitterweg,ggü. Strombucht,-1,JA,00:00-24:00 Uhr,Wintersperre,nein - gratis,unisex 1,,U,Damen und Herren,0043 1 4000 96530,MA 45,https://www.wien.gv.at/umwelt/gewaesser/,
WCANLAGE2OGD.616670,616670,POINT (16.430829795328357 48.21447937345986),M45_MWC19,22,Donauinsel,Grillplatz Nr. 9 und 10,-1,JA,00:00-24:00 Uhr,ganzjährig ohne Einschränkungen,nein - gratis,unisex 1,,U,Damen und Herren,0043 1 4000 96530,MA 45,https://www.wien.gv.at/umwelt/gewaesser/,
WCANLAGE2OGD.616671,616671,POINT (16.437840536059248 48.21509341401364),M45_MWC29,22,An der unteren Alten Donau,ggü. 273,-1,JA,00:00-24:00 Uhr,Wintersperre,nein - gratis,unisex 1,,U,Damen und Herren,0043 1 4000 96530,MA 45,https://www.wien.gv.at/umwelt/gewaesser/,
WCANLAGE2OGD.616672,616672,POINT (16.437869881458383 48.21502890043579),M45_MWC67,22,An der unteren Alten Donau,ggü. 273,-1,JA,00:00-24:00 Uhr,Wintersperre,nein - gratis,unisex 1,,U,Damen und Herren,0043 1 4000 96530,MA 45,https://www.wien.gv.at/umwelt/gewaesser/,
WCANLAGE2OGD.616673,616673,POINT (16.439029679889536 48.21173457253814),M45_BKZ03,22,Neue Donau,Barbados Inseltreff,-1,JA,11:00-23:00 Uhr,Wintersperre,11 - 23 Uhr - gratis,,,U,Damen und Herren,0043 1 4000 96530,MA 45,https://www.wien.gv.at/umwelt/gewaesser/,
WCANLAGE2OGD.616674,616674,POINT (16.447001670436673 48.20609403645229),M45_MWC05,22,Neue Donau,Hundebadebereich - Hundeauslaufzone,-1,JA,00:00-24:00 Uhr,ganzjährig ohne Einschränkungen,nein - gratis,unisex 1,,U,Damen und Herren,0043 1 4000 96530,MA 45,https://www.wien.gv.at/umwelt/gewaesser/,
WCANLAGE2OGD.616675,616675,POINT (16.452012939864023 48.20309387865854),M45_MWC06,22,Neue Donau,Grillzone Steinspornbrücke,-1,JA,00:00-24:00 Uhr,ganzjährig ohne Einschränkungen,nein - gratis,unisex 1,,U,Damen und Herren,0043 1 4000 96530,MA 45,https://www.wien.gv.at/umwelt/gewaesser/,
WCANLAGE2OGD.616676,616676,POINT (16.450728953613247 48.20396018121064),M45_MWC08,22,Neue Donau,Grillzone Steinspornbrücke,-1,JA,00:00-24:00 Uhr,Wintersperre,nein - gratis,unisex 1,,U,Damen und Herren,0043 1 4000 96530,MA 45,https://www.wien.gv.at/umwelt/gewaesser/,
WCANLAGE2OGD.616677,616677,POINT (16.45835383196711 48.198881040617366),M45_MWC10,22,Neue Donau,Grillzone Steinspornbrücke,-1,JA,00:00-24:00 Uhr,Wintersperre,nein - gratis,unisex 1,,U,Damen und Herren,0043 1 4000 96530,MA 45,https://www.wien.gv.at/umwelt/gewaesser/,
WCANLAGE2OGD.615347,615347,POINT (16.397643792297558 48.25791879096681),M48_0137,21,Am Spitz,"ONr. 1, Amtshaus",-1,JA,00:00-24:00 Uhr,ganzjährig ohne Einschränkungen,Mo-Fr: 10-18 Uhr,Herren 2; Herren Nacht 1; Damen Nacht 1; Damen 4; Pissoir,"Defibrilator, Feuerlöscher, Erste Hilfe Kasten",U,Damen und Herren,+43 (1) 546 48,MA 48,https://www.wien.gv.at/umwelt/ma48/sauberestadt/wc/,
WCANLAGE2OGD.615348,615348,POINT (16.36040240245918 48.21096913398979),M48_0004,1,Rathauspark / Ring,,-1,JA,00:00-24:00 Uhr,ganzjährig ohne Einschränkungen,"Mo-So, Ft: 10-17 Uhr",Pissoir; Damen 6; Herren 3,"Defibrilator, Feuerlöscher, Erste Hilfe Kasten",U,Damen und Herren,+43 (1) 546 48,MA 48,https://www.wien.gv.at/umwelt/ma48/sauberestadt/wc/,
WCANLAGE2OGD.615349,615349,POINT (16.36269131022111 48.213928717187535),M48_0008,1,Schottentor / Passage,,-1,JA,00:00-24:00 Uhr,ganzjährig ohne Einschränkungen,"Mo-Fr: 6-20 Uhr; Sa: 7-19 Uhr, So, Ft: 9-19 Uhr",barrierefrei 1; Pissoir; Damen 7; Herren 6,"Defibrilator, Feuerlöscher, Erste Hilfe Kasten",B,Barrierefrei,+43 (1) 546 48,MA 48,https://www.wien.gv.at/umwelt/ma48/sauberestadt/wc/,
WCANLAGE2OGD.615350,615350,POINT (16.4482897796409 48.15225166558636),M48_0069,11,Zentralfriedhof / Tor III,,-1,JA,siehe Personalbetreuung,außerhalb der Personalbetreuung geschlossen,Okt-Apr Mo-So: 8-18 Uhr; Mai-Sep Mo-So: 8-20 Uhr,Pissoir; Herren 1; Damen 2,Euro Key,U,Damen und Herren,+43 (1) 546 48,MA 48,https://www.wien.gv.at/umwelt/ma48/sauberestadt/wc/,
WCANLAGE2OGD.615351,615351,POINT (16.40187012512534 48.26135078857823),M48_0140,21,Floridsdorfer Markt / Pitkagasse,,-1,JA,00:00-24:00 Uhr,ganzjährig ohne Einschränkungen,"Mo-Do: 7-15 Uhr, Fr: 7-18 Uhr, Sa: 7-14 Uhr, So, Ft: 9-16 Uhr",Unisex 2; barrierefrei 1,"Defibrilator, Feuerlöscher, Erste Hilfe Kasten, Euro Key",B,Barrierefrei,+43 (1) 546 48,MA 48,https://www.wien.gv.at/umwelt/ma48/sauberestadt/wc/,
WCANLAGE2OGD.615352,615352,POINT (16.367637158949933 48.21037272062402),M48_0002,1,Irisgasse / Bognergasse,,-1,JA,siehe Personalbetreuung,außerhalb der Personalbetreuung geschlossen,"Jan-Apr, Okt-Nov Mo-Sa: 10-18 Uhr; Mai-Sep, Dez Mo-So, Ft: 10-19 Uhr",Pissoir; Damen 5; Herren 2,"Defibrilator, Feuerlöscher, Erste Hilfe Kasten",U,Damen und Herren,+43 (1) 546 48,MA 48,https://www.wien.gv.at/umwelt/ma48/sauberestadt/wc/,
WCANLAGE2OGD.615353,615353,POINT (16.36385904435257 48.198900514377314),M48_0038,6,Linke Wienzeile,ggü. ONr. 12,-1,JA,siehe Personalbetreuung,Sonn- und Feiertag geschlossen,"Mo-Fr: 6-18:30 Uhr, Sa: 6-17 Uhr",barrierefrei 1; Pissoir; Herren 3; Damen 4,"Defibrilator, Feuerlöscher, Erste Hilfe Kasten, Euro Key",B,Barrierefrei,+43 (1) 546 48,MA 48,https://www.wien.gv.at/umwelt/ma48/sauberestadt/wc/,
WCANLAGE2OGD.615354,615354,POINT (16.369176943268506 48.20914984928735),M48_0001,1,Am Graben,,-1,JA,siehe Personalbetreuung,außerhalb der Personalbetreuung geschlossen,"Jan-Apr, Okt-Nov Mo-Sa: 10-20 So, Ft:10-17; Mai-Sep, Dez Mo-Sa: 10-21 Uhr, So+Ft: 10-20 Uhr",Pissoir; Damen 6; Herren 5,"Defibrilator, Feuerlöscher, Erste Hilfe Kasten",U,Damen und Herren,+43 (1) 546 48,MA 48,https://www.wien.gv.at/umwelt/ma48/sauberestadt/wc/,
WCANLAGE2OGD.615355,615355,POINT (16.372208180476516 48.208696579153425),WL_002,1,SANIFAIR U-Bahn Station Stephansplatz,,-1,JA,00:00-24:00 Uhr,ganzjährig ohne Einschränkungen,"8:00-20:00 Uhr, Nacht/Barrierefreies - WC 24/7 geöffnet",Damen 7; Herren 3; Eltern-Kind 1; Pissoir 7; barrierefrei 1,"Babywickelraum, Wickeltisch, Barrierefreies WC, Eurokey, Nacht WC, Handdesinfektion",B,Barrierefrei,+43 (0) 800 95 55 777,Wr. Linien,,
WCANLAGE2OGD.615356,615356,POINT (16.404679920801126 48.22364594630346),M48_0012,2,Mexikoplatz,ggü. ONr. 16/Ennsgasse,-1,JA,00:00-24:00 Uhr,ganzjährig ohne Einschränkungen,nein - gratis,Unisex 1; barrierefrei 1,Euro Key,B,Barrierefrei,+43 (1) 546 48,MA 48,https://www.wien.gv.at/umwelt/ma48/sauberestadt/wc/,
WCANLAGE2OGD.615357,615357,POINT (16.401576965081418 48.22134428886335),M48_0020,2,Vorgartenmarkt / Ennsgasse,,-1,JA,00:00-24:00 Uhr,ganzjährig ohne Einschränkungen,"Mo-Do: 8-13 Uhr, Fr-Sa: 7-13 Uhr, So: 9-14 Uhr",Unisex 2; barrierefrei 1; Pissoir; Damen 2; Herren 2,"Defibrilator, Feuerlöscher, Erste Hilfe Kasten",B,Barrierefrei,+43 (1) 546 48,MA 48,https://www.wien.gv.at/umwelt/ma48/sauberestadt/wc/,
WCANLAGE2OGD.615358,615358,POINT (16.391918056228665 48.25601417567123),M48_0139,21,Floridsdorfer Aupark,Eingang ggü. Frömmelgasse,-1,JA,00:00-24:00 Uhr,ganzjährig ohne Einschränkungen,nein - gratis,Pissoir,keine,M,Herren,+43 (1) 546 48,MA 48,https://www.wien.gv.at/umwelt/ma48/sauberestadt/wc/,
WCANLAGE2OGD.615359,615359,POINT (16.38417204357278 48.270088582095234),M48_0143,21,Lorettoplatz / Überfuhrstraße,gegenüber ONr. 59,-1,JA,00:00-24:00 Uhr,ganzjährig ohne Einschränkungen,nein - gratis,Unisex 1; barrierefrei 1; Pissoir,Euro Key,B,Barrierefrei,+43 (1) 546 48,MA 48,https://www.wien.gv.at/umwelt/ma48/sauberestadt/wc/,
WCANLAGE2OGD.615360,615360,POINT (16.407341626537352 48.25305942232567),M48_0142,21,Kinzerplatz / Scheffelstraße,,-1,JA,00:00-24:00 Uhr,ganzjährig ohne Einschränkungen,nein - gratis,Pissoir,keine,M,Herren,+43 (1) 546 48,MA 48,https://www.wien.gv.at/umwelt/ma48/sauberestadt/wc/,
WCANLAGE2OGD.615361,615361,POINT (16.479331768496102 48.24680511129742),M48_0150,22,Badeteich Hirschstetten,Spargefeldstraße/Bibernellweg,-1,JA,00:00-24:00 Uhr,ganzjährig ohne Einschränkungen,nein - gratis,Unisex 1; barrierefrei 1; Herren 1; Pissoir,Euro Key,B,Barrierefrei,+43 (1) 546 48,MA 48,https://www.wien.gv.at/umwelt/ma48/sauberestadt/wc/,
WCANLAGE2OGD.615362,615362,POINT (16.37200754819788 48.17272347198645),M48_0057,10,Arthaberplatz / Laxenburger Straße,Bushaltestelle,-1,JA,00:00-24:00 Uhr,ganzjährig ohne Einschränkungen,nein - gratis,Unisex 2; barrierefrei 1,Euro Key,B,Barrierefrei,+43 (1) 546 48,MA 48,https://www.wien.gv.at/umwelt/ma48/sauberestadt/wc/,
WCANLAGE2OGD.615363,615363,POINT (16.36326906972637 48.23076193296071),M48_0132,20,Brigittenauer Lände,ggü. Gerhardusgasse,-1,JA,00:00-24:00 Uhr,ganzjährig ohne Einschränkungen,nein - gratis,Unisex 1; barrierefrei 1; Pissoir,Euro Key,B,Barrierefrei,+43 (1) 546 48,MA 48,https://www.wien.gv.at/umwelt/ma48/sauberestadt/wc/,
WCANLAGE2OGD.615364,615364,POINT (16.39663795669087 48.226339998454705),M48_0017,2,Rudolf-Bednar-Park,,-1,JA,00:00-24:00 Uhr,ganzjährig ohne Einschränkungen,nein - gratis,Unisex 1; barrierefrei 1,Euro Key,B,Barrierefrei,+43 (1) 546 48,MA 48,https://www.wien.gv.at/umwelt/ma48/sauberestadt/wc/,
WCANLAGE2OGD.615365,615365,POINT (16.384395807061395 48.217699404443415),M48_0013,2,Odeongasse,neben 2A/ Tiefgarageneingang,-1,JA,00:00-24:00 Uhr,ganzjährig ohne Einschränkungen,nein - gratis,Unisex 1; barrierefrei 1; Pissoir,Euro Key,B,Barrierefrei,+43 (1) 546 48,MA 48,https://www.wien.gv.at/umwelt/ma48/sauberestadt/wc/,
WCANLAGE2OGD.615366,615366,POINT (16.400306412305774 48.22064896733795),M48_0011,2,Max-Winter-Platz,,-1,JA,06:00-21:30 Uhr (Parköffnungszeiten),ganzjährig ohne Einschränkungen,nein - gratis,Unisex 1; barrierefrei 1; Pissoir,Euro Key,B,Barrierefrei,+43 (1) 546 48,MA 48,https://www.wien.gv.at/umwelt/ma48/sauberestadt/wc/,
WCANLAGE2OGD.615367,615367,POINT (16.251694446589383 48.20202880913237),M48_0086,14,Ferdinand-Wolf-Park,,-1,JA,00:00-24:00 Uhr,ganzjährig ohne Einschränkungen,nein - gratis,Unisex 1; Pissoir,keine,U,Damen und Herren,+43 (1) 546 48,MA 48,https://www.wien.gv.at/umwelt/ma48/sauberestadt/wc/,
WCANLAGE2OGD.615368,615368,POINT (16.27956211046161 48.20052744597549),M48_0083,14,Baumgartner Friedhof / Waidhausenstraße,,-1,JA,00:00-24:00 Uhr,ganzjährig ohne Einschränkungen,nein - gratis,Unisex 1; Pissoir,keine,U,Damen und Herren,+43 (1) 546 48,MA 48,https://www.wien.gv.at/umwelt/ma48/sauberestadt/wc/,
WCANLAGE2OGD.615369,615369,POINT (16.258756216032896 48.19834371110853),M48_0088,14,Keißlergasse / Brudermanngasse,,-1,JA,00:00-24:00 Uhr,ganzjährig ohne Einschränkungen,nein - gratis,Unisex 1; barrierefrei 1; Pissoir,Euro Key,B,Barrierefrei,+43 (1) 546 48,MA 48,https://www.wien.gv.at/umwelt/ma48/sauberestadt/wc/,
WCANLAGE2OGD.615370,615370,POINT (16.341083923012853 48.20743731732136),M48_0045,7,Josef-Strauß-Park,ggü. Enzingergasse,-1,JA,00:00-24:00 Uhr,ganzjährig ohne Einschränkungen,nein - gratis,Unisex 1; barrierefrei 1,Euro Key,B,Barrierefrei,+43 (1) 546 48,MA 48,https://www.wien.gv.at/umwelt/ma48/sauberestadt/wc/,
WCANLAGE2OGD.615371,615371,POINT (16.352378829391068 48.229451917844926),M48_0053,9,Helene-Deutsch-Park,Pulverturmg./Sobieskig.,-1,JA,00:00-24:00 Uhr,ganzjährig ohne Einschränkungen,"nein - 0,50 €",Unisex 1; barrierefrei 1,Euro Key,B,Barrierefrei,+43 (1) 546 48,MA 48,https://www.wien.gv.at/umwelt/ma48/sauberestadt/wc/,
WCANLAGE2OGD.615372,615372,POINT (16.355239211746305 48.187885079545474),M48_0032,5,Bacherplatz,ggü. ONr. 10,-1,JA,00:00-24:00 Uhr,ganzjährig ohne Einschränkungen,nein - gratis,Unisex 1; barrierefrei 1; Pissoir,Euro Key,B,Barrierefrei,+43 (1) 546 48,MA 48,https://www.wien.gv.at/umwelt/ma48/sauberestadt/wc/,
WCANLAGE2OGD.615373,615373,POINT (16.255899602170274 48.20254212360925),M48_0087,14,Hütteldorf,Endstelle Linie 49,-1,JA,00:00-24:00 Uhr,ganzjährig ohne Einschränkungen,nein - gratis,Unisex 1; barrierefrei 1,Euro Key,B,Barrierefrei,+43 (1) 546 48,MA 48,https://www.wien.gv.at/umwelt/ma48/sauberestadt/wc/,
WCANLAGE2OGD.615374,615374,POINT (16.35651442901202 48.19659874839656),M48_0041,6,Linke Wienzeile,ggü. ONr. 60,-1,JA,00:00-24:00 Uhr,ganzjährig ohne Einschränkungen,nein - gratis,Unisex barrierefrei 1; Pissoir,"Defibrilator, Feuerlöscher, Erste Hilfe Kasten, Euro Key",B,Barrierefrei,+43 (1) 546 48,MA 48,https://www.wien.gv.at/umwelt/ma48/sauberestadt/wc/,
WCANLAGE2OGD.615375,615375,POINT (16.387057297200947 48.15455644851359),M48_0060,10,Volkspark Laaerberg,Einfahrt Alaudag.Vis aVis Ada Christeng,-1,JA,00:00-24:00 Uhr,ganzjährig ohne Einschränkungen,nein - gratis,Unisex 1; barrierefrei 1,Euro Key,B,Barrierefrei,+43 (1) 546 48,MA 48,https://www.wien.gv.at/umwelt/ma48/sauberestadt/wc/,
WCANLAGE2OGD.615376,615376,POINT (16.418190019387797 48.24069189428313),M48_0157,22,WIG 64,"Donaupark, Eingang D, Parkplatz",-1,JA,00:00-24:00 Uhr,ganzjährig ohne Einschränkungen,nein - gratis,Unisex 1; barrierefrei 1; Pissoir,Euro Key,B,Barrierefrei,+43 (1) 546 48,MA 48,https://www.wien.gv.at/umwelt/ma48/sauberestadt/wc/,
WCANLAGE2OGD.615377,615377,POINT (16.412042024656497 48.24286522464463),M48_0156,22,WIG 64,"Donaupark, Eingang C, Tennisplatz",-1,JA,00:00-24:00 Uhr,ganzjährig ohne Einschränkungen,nein - gratis,Damen 1; barrierefrei 1; Herren 1; Pissoir,Euro Key,B,Barrierefrei,+43 (1) 546 48,MA 48,https://www.wien.gv.at/umwelt/ma48/sauberestadt/wc/,
WCANLAGE2OGD.615378,615378,POINT (16.263187609126675 48.13232860495632),M48_0165,23,Rodaun,Endstelle Linie 60,-1,JA,00:00-24:00 Uhr,ganzjährig ohne Einschränkungen,nein - gratis,Unisex 2; barrierefrei 1,Euro Key,B,Barrierefrei,+43 (1) 546 48,MA 48,https://www.wien.gv.at/umwelt/ma48/sauberestadt/wc/,
WCANLAGE2OGD.615379,615379,POINT (16.347940399476794 48.198758946079714),M48_0044,7,Andreaspark / Andreasgasse,,-1,JA,00:00-24:00 Uhr,Wintersperre,nein - gratis,barrierefrei 1,Euro Key,B,Barrierefrei,+43 (1) 546 48,MA 48,https://www.wien.gv.at/umwelt/ma48/sauberestadt/wc/,
WCANLAGE2OGD.615380,615380,POINT (16.401464904185634 48.14713251795592),M48_0065,10,WIG 74,Mitte,-1,JA,00:00-24:00 Uhr,Wintersperre,nein - gratis,Unisex 1; barrierefrei 1,Euro Key,B,Barrierefrei,+43 (1) 546 48,MA 48,https://www.wien.gv.at/umwelt/ma48/sauberestadt/wc/,
WCANLAGE2OGD.615381,615381,POINT (16.388751644930576 48.21381855176438),M48_0016,2,Robertstiege / Robertgasse,Stiegenanlage unten am Donaukanal,-1,JA,00:00-24:00 Uhr,Wintersperre,nein - gratis,Unisex 3,keine,U,Damen und Herren,+43 (1) 546 48,MA 48,https://www.wien.gv.at/umwelt/ma48/sauberestadt/wc/,
WCANLAGE2OGD.615382,615382,POINT (16.333682773490008 48.23428272076209),M48_0119,18,Türkenschanzpark,Kinderspielplatz-Hasenauerstr.54,-1,JA,00:00-24:00 Uhr,Wintersperre,nein - gratis,Unisex 1; barrierefrei 1,Euro Key,B,Barrierefrei,+43 (1) 546 48,MA 48,https://www.wien.gv.at/umwelt/ma48/sauberestadt/wc/,
WCANLAGE2OGD.615383,615383,POINT (16.421727448362017 48.231562679656825),M48_0152,22,Kaiserwasser,hinter Sportplatz,-1,JA,00:00-24:00 Uhr,ganzjährig ohne Einschränkungen,nein - gratis,Unisex 1; barrierefrei 1,Euro Key,U,Damen und Herren,+43 (1) 546 48,MA 48,https://www.wien.gv.at/umwelt/ma48/sauberestadt/wc/,
WCANLAGE2OGD.615384,615384,POINT (16.27103950570204 48.19034867885126),M48_0079,13,Streckerplatz / Rohrbacherstraße,,-1,JA,00:00-24:00 Uhr,ganzjährig ohne Einschränkungen,nein - gratis,Pissoir,keine,M,Herren,+43 (1) 546 48,MA 48,https://www.wien.gv.at/umwelt/ma48/sauberestadt/wc/,
WCANLAGE2OGD.615385,615385,POINT (16.376878427461307 48.17692783136998),M48_0059,10,Viktor-Adler-Markt,Erlachg./Favoritenstr.,-1,JA,00:00-24:00 Uhr,ganzjährig ohne Einschränkungen,"Mo-Sa: 6-20 Uhr, So, Ft: 9-21 Uhr",Unisex 1; barrierefrei 1; Damen 1; Herren 1,Euro Key,B,Barrierefrei,+43 (1) 546 48,MA 48,https://www.wien.gv.at/umwelt/ma48/sauberestadt/wc/,
WCANLAGE2OGD.615386,615386,POINT (16.319521665522824 48.188597150910226),M48_0905,15,Auer-Welsbach-Park,Winckelmannstraße 5,-1,JA,00:00-24:00 Uhr,ganzjährig ohne Einschränkungen,nein - gratis,Unisex 1; barrierefrei 1,Euro Key,B,Barrierefrei,+43 (1) 546 48,MA 48,https://www.wien.gv.at/umwelt/ma48/sauberestadt/wc/,
WCANLAGE2OGD.615387,615387,POINT (16.331338684923313 48.19863175224917),M48_0914,15,Reithofferpark,Reithofferplatz ggü. 3,-1,JA,00:00-24:00 Uhr,ganzjährig ohne Einschränkungen,nein - gratis,Unisex 1; barrierefrei 1,Euro Key,B,Barrierefrei,+43 (1) 546 48,MA 48,https://www.wien.gv.at/umwelt/ma48/sauberestadt/wc/,
WCANLAGE2OGD.615388,615388,POINT (16.431988509300634 48.24743386519347),M48_0913,22,Kirschblütenpark,Eingang Ogugasse 5,-1,JA,00:00-24:00 Uhr,ganzjährig ohne Einschränkungen,nein - gratis,Unisex 1; barrierefrei 1,Euro Key,B,Barrierefrei,+43 (1) 546 48,MA 48,https://www.wien.gv.at/umwelt/ma48/sauberestadt/wc/,
WCANLAGE2OGD.615389,615389,POINT (16.369379201995013 48.20246642005908),M48_0925,1,Opernpassage,,-1,JA,00:00-24:00 Uhr,ganzjährig ohne Einschränkungen,"Mo-So,Ft: 7-22 Uhr",Damen 8; Herren 5; Pissoir 5; barrierefrei 1,"Defibrilator, Feuerlöscher, Erste Hilfe Kasten",B,Barrierefrei,+43 (1) 546 48,MA 48,https://www.wien.gv.at/umwelt/ma48/sauberestadt/wc/,
WCANLAGE2OGD.615390,615390,POINT (16.419076624856277 48.23916119600128),M48_0159,22,WIG 64 Sparefroh,,-1,JA,00:00-24:00 Uhr,ganzjährig ohne Einschränkungen,nein - gratis,Unisex 3; barrierefrei 1; Herren 1 Pissoir,Euro Key,B,Barrierefrei,+43 (1) 546 48,MA 48,https://www.wien.gv.at/umwelt/ma48/sauberestadt/wc/,
WCANLAGE2OGD.615391,615391,POINT (16.40515161854844 48.23833930297244),M48_0158,22,WIG 64,Kinderspielplatz,-1,JA,00:00-24:00 Uhr,Wintersperre,nein - gratis,Unisex 1; barrierefrei 1; Pissoir,Euro Key,B,Barrierefrei,+43 (1) 546 48,MA 48,https://www.wien.gv.at/umwelt/ma48/sauberestadt/wc/,
WCANLAGE2OGD.615392,615392,POINT (16.355520247123252 48.18112016053891),M48_0361,5,Leopold-Rister-Gasse / Hochhauspark,,-1,JA,00:00-24:00 Uhr,ganzjährig ohne Einschränkungen,nein - gratis,Unisex 1; barrierefrei 1,"Defibrilator, Feuerlöscher, Erste Hilfe Kasten, Euro Key",B,Barrierefrei,+43 (1) 546 48,MA 48,https://www.wien.gv.at/umwelt/ma48/sauberestadt/wc/,
WCANLAGE2OGD.615393,615393,POINT (16.392589442642304 48.19829446410912),M48_0369,3,Arenbergpark,Dannebergplatz ggü. 10,-1,JA,00:00-24:00 Uhr,ganzjährig ohne Einschränkungen,nein - gratis,Unisex 1; barrierefrei 1,Euro Key,B,Barrierefrei,+43 (1) 546 48,MA 48,https://www.wien.gv.at/umwelt/ma48/sauberestadt/wc/,
WCANLAGE2OGD.615394,615394,POINT (16.447943793943928 48.272009598423104),M48_0698,21,Großfeldsiedlung / Kürschnergasse,,-1,JA,00:00-24:00 Uhr,ganzjährig ohne Einschränkungen,nein - gratis,Unisex 1; barrierefrei 1,Euro Key,B,Barrierefrei,+43 (1) 546 48,MA 48,https://www.wien.gv.at/umwelt/ma48/sauberestadt/wc/,
WCANLAGE2OGD.615395,615395,POINT (16.334264337876647 48.21889012155712),M48_0697,17,Pezzlpark / Frederic Morton Park,,-1,JA,00:00-24:00 Uhr,ganzjährig ohne Einschränkungen,nein - gratis,Unisex 1; barrierefrei 1,Euro Key,B,Barrierefrei,+43 (1) 546 48,MA 48,https://www.wien.gv.at/umwelt/ma48/sauberestadt/wc/,
WCANLAGE2OGD.615396,615396,POINT (16.401788315113027 48.1655600273438),M48_0748,10,Böhmischer Prater,,-1,JA,00:00-24:00 Uhr,ganzjährig ohne Einschränkungen,nein - gratis,Unisex 1; barrierefrei 1,keine,B,Barrierefrei,+43 (1) 546 48,MA 48,https://www.wien.gv.at/umwelt/ma48/sauberestadt/wc/,
WCANLAGE2OGD.615397,615397,POINT (16.31024953164774 48.241397922012375),M48_0116,18,Pötzleinsdorf,Endstelle Linie 41,-1,JA,00:00-24:00 Uhr,ganzjährig ohne Einschränkungen,nein - gratis,Unisex 2; barrierefrei 1,Euro Key,B,Barrierefrei,+43 (1) 546 48,MA 48,https://www.wien.gv.at/umwelt/ma48/sauberestadt/wc/,
WCANLAGE2OGD.615398,615398,POINT (16.404919419106427 48.20658760742446),M48_0009,2,Jesuitenwiese,Mitte Rotundenallee,-1,JA,00:00-24:00 Uhr,ganzjährig ohne Einschränkungen,"Apr-Okt: Sa, So, Ft, Fenstertag: 14-20 Uhr",Unisex 3; barrierefrei 1,"Defibrilator, Feuerlöscher, Erste Hilfe Kasten, Euro Key",B,Barrierefrei,+43 (1) 546 48,MA 48,https://www.wien.gv.at/umwelt/ma48/sauberestadt/wc/,
WCANLAGE2OGD.615399,615399,POINT (16.27535288089536 48.19731373244424),M48_0084,14,Baumgartner Kasino / Linzerstraße,,-1,JA,00:00-24:00 Uhr,ganzjährig ohne Einschränkungen,nein - gratis,Unisex 1; barrierefrei 1,keine,B,Barrierefrei,+43 (1) 546 48,MA 48,https://www.wien.gv.at/umwelt/ma48/sauberestadt/wc/,
WCANLAGE2OGD.615400,615400,POINT (16.267736622558846 48.205699464039945),M48_0085,14,Dehnepark / Dehnegasse,,-1,JA,00:00-24:00 Uhr,ganzjährig ohne Einschränkungen,nein - gratis,Unisex 1; barrierefrei 1; Pissoir,Euro Key,B,Barrierefrei,+43 (1) 546 48,MA 48,https://www.wien.gv.at/umwelt/ma48/sauberestadt/wc/,
WCANLAGE2OGD.615401,615401,POINT (16.25689982764579 48.16644489409517),M48_0076,13,Hermesstraße / Lainzertor,Parkplatz,-1,JA,00:00-24:00 Uhr,ganzjährig ohne Einschränkungen,"Apr-Okt Sa, So, Ft, Fenstertag: 11-17 Uhr",Unisex 3; barrierefrei 1,Euro Key,B,Barrierefrei,+43 (1) 546 48,MA 48,https://www.wien.gv.at/umwelt/ma48/sauberestadt/wc/,
WCANLAGE2OGD.615402,615402,POINT (16.42099182223674 48.23067949165455),M48_0155,22,SV Donau / Kaiserwasser,,-1,JA,während der Betriebszeiten,außerhalb der Betriebszeiten geschlossen,ja - gratis,Pissoir; barrierefrei 1; Damen 1; Herren 1,Barrierefrei,U,Damen und Herren,,Privat,,
WCANLAGE2OGD.615403,615403,POINT (16.39460041767925 48.25306948476459),M48_0146,21,Wasserpark / An der Oberen Alten Donau,ggü. ONr. 1,-1,JA,00:00-24:00 Uhr,ganzjährig ohne Einschränkungen,nein - gratis,Unisex 1; barrierefrei 1,Euro Key,B,Barrierefrei,+43 (1) 546 48,MA 48,https://www.wien.gv.at/umwelt/ma48/sauberestadt/wc/,
WCANLAGE2OGD.615404,615404,POINT (16.274771469886822 48.18078022221736),M48_0078,13,Roter Berg / Heinz-Nittel-Weg,,-1,JA,00:00-24:00 Uhr,ganzjährig ohne Einschränkungen,nein - gratis,Unisex 1; barrierefrei 1,Euro Key,B,Barrierefrei,+43 (1) 546 48,MA 48,https://www.wien.gv.at/umwelt/ma48/sauberestadt/wc/,
WCANLAGE2OGD.615405,615405,POINT (16.33645694613218 48.27535701966889),M48_0123,19,Kahlenberg,ggü.Kirche,-1,JA,00:00-24:00 Uhr,ganzjährig ohne Einschränkungen,Mär-Okt Mo-So: 11-17 Uhr,Unisex 2; barrierefrei 1,Euro Key,B,Barrierefrei,+43 (1) 546 48,MA 48,https://www.wien.gv.at/umwelt/ma48/sauberestadt/wc/,
WCANLAGE2OGD.615406,615406,POINT (16.401655367694968 48.15133457102059),M48_0062,10,WIG 74,Eingang Nord,-1,JA,00:00-24:00 Uhr,ganzjährig ohne Einschränkungen,nein - gratis,Unisex 1; barrierefrei 1,Euro Key,B,Barrierefrei,+43 (1) 546 48,MA 48,https://www.wien.gv.at/umwelt/ma48/sauberestadt/wc/,
WCANLAGE2OGD.615407,615407,POINT (16.293474388858524 48.1377830531488),M48_0432,23,Mistplatz Liesing,Seybelgasse 7,-1,JA,Mo-Sa 7:00-18:00 Uhr,ganzjährig ohne Einschränkungen,nein - gratis,barrierefrei 1; Damen 1; Herren1,"Defibrilator, Feuerlöscher, Erste Hilfe Kasten",B,Barrierefrei,+43 (1) 546 48,MA 48,https://www.wien.gv.at/umwelt/ma48/sauberestadt/wc/,
WCANLAGE2OGD.615408,615408,POINT (16.376882858996222 48.21164417187283),WL_001,1,SANIFAIR U-Bahn Station Schwedenplatz,,-1,JA,00:00-24:00 Uhr,ganzjährig ohne Einschränkungen,"10:00-22:00 Uhr, Nacht/Barrierefreies - WC 24/7 geöffnet",Damen 4; Herren 3; Eltern-Kind 1;Pissoir 5; barrierefrei 1,"Babywickelraum, Wickeltisch, Barrierefreies WC, Eurokey, Nacht WC, Handdesinfektion",B,Barrierefrei,+43 (0) 800 95 55 777,Wr. Linien,,
WCANLAGE2OGD.616497,616497,POINT (16.34048673992225 48.19612839067654),WL_006,15,SANIFAIR U-Bahn Station Westbahnhof,,-1,JA,00:00-24:00 Uhr,ganzjährig ohne Einschränkungen,"10:00-18:00 Uhr, Nacht/Barrierefreies - WC 24/7 geöffnet",Damen 6; Herren 3; Pissoir 5; barrierefrei 1,"Babywickelraum, Wickeltisch, Barrierefreies WC, Eurokey, Nacht WC, Handdesinfektion",B,Barrierefrei,+43 (0) 800 95 55 777,Wr. Linien,,
WCANLAGE2OGD.616498,616498,POINT (16.36003423205848 48.20655220055368),WL_005,7,SANIFAIR U-Bahn Station Volkstheater,,-1,JA,00:00-24:00 Uhr,ganzjährig ohne Einschränkungen,"10:00-18:00 Uhr, Nacht/Barrierefreies - WC 24/7 geöffnet",Damen 3; Herren 1; Pissoir 2; barrierefrei 1,"Barrierefreies WC, Eurokey, Nacht WC, Handdesinfektion",B,Barrierefrei,+43 (0) 800 95 55 777,Wr. Linien,,
WCANLAGE2OGD.616499,616499,POINT (16.303892811799205 48.16092863999934),M48_0469,12,Mistplatz Hetzendorf,Wundtgasse / Jägerhaussstraße,-1,JA,Mo-Sa 7:00-18:00 Uhr,ganzjährig ohne Einschränkungen,nein - gratis,Unisex 1,"Defibrilator, Feuerlöscher, Erste Hilfe Kasten",U,Damen und Herren,+43 (1) 546 48,MA 48,https://www.wien.gv.at/umwelt/ma48/sauberestadt/wc/,
WCANLAGE2OGD.616500,616500,POINT (16.228430786447046 48.20560707544971),M48_0503,14,Mistplatz Auhof,Wientalstraße 51,-1,JA,Mo-Sa 7:00-18:00 Uhr,ganzjährig ohne Einschränkungen,nein - gratis,barrierefrei 2; Pissoir; Herren 1; Damen 1,"Defibrilator, Feuerlöscher, Erste Hilfe Kasten",B,Barrierefrei,+43 (1) 546 48,MA 48,https://www.wien.gv.at/umwelt/ma48/sauberestadt/wc/,
WCANLAGE2OGD.616501,616501,POINT (16.41185328528609 48.25010681815871),M48_0789,21,Mistplatz Donaufeld,Fultonstraße 10,-1,JA,Mo-Sa 7:00-18:00 Uhr,ganzjährig ohne Einschränkungen,nein - gratis,Unisex 1,"Defibrilator, Feuerlöscher, Erste Hilfe Kasten",U,Damen und Herren,+43 (1) 546 48,MA 48,https://www.wien.gv.at/umwelt/ma48/sauberestadt/wc/,
WCANLAGE2OGD.616502,616502,POINT (16.430298514466795 48.293564627184814),M48_0271,21,Mistplatz Stammersdorf,Nikolsburgergasse 12,-1,JA,Mo-Sa 7:00-18:00 Uhr,ganzjährig ohne Einschränkungen,nein - gratis,barrierefrei 1; Unisex 1,"Defibrilator, Feuerlöscher, Erste Hilfe Kasten",B,Barrierefrei,+43 (1) 546 48,MA 48,https://www.wien.gv.at/umwelt/ma48/sauberestadt/wc/,
WCANLAGE2OGD.616503,616503,POINT (16.390702526271518 48.20295587409951),M48_0026,3,Rochusmarkt,,-1,JA,siehe Personalbetreuung,außerhalb der Personalbetreuung geschlossen,"Mo-Fr: 6-18:30, Sa: 6-14 Uhr, So, Ft: 11-18 Uhr",barrierefrei 1; Pissoir; Herren 4; Damen 5,"Defibrilator, Feuerlöscher, Erste Hilfe Kasten, Euro Key",B,Barrierefrei,+43 (1) 546 48,MA 48,https://www.wien.gv.at/umwelt/ma48/sauberestadt/wc/,
WCANLAGE2OGD.616504,616504,POINT (16.435488819279158 48.23062811924752),M48_0153,22,Rehlacke / Lagerwiesenweg,,-1,JA,00:00-24:00 Uhr,ganzjährig ohne Einschränkungen,nein - gratis,Unisex 1; barrierefrei 1; Pissoir,Euro Key,B,Barrierefrei,+43 (1) 546 48,MA 48,https://www.wien.gv.at/umwelt/ma48/sauberestadt/wc/,
WCANLAGE2OGD.616505,616505,POINT (16.4032584390019 48.24793687429984),M48_0138,21,Dragonerhäufel,Birnersteig,-1,JA,00:00-24:00 Uhr,ganzjährig ohne Einschränkungen,nein - gratis,Unisex 1; barrierefrei 1,Euro Key,B,Barrierefrei,+43 (1) 546 48,MA 48,https://www.wien.gv.at/umwelt/ma48/sauberestadt/wc/,
WCANLAGE2OGD.616506,616506,POINT (16.386524141158983 48.18659914489313),M48_0696,3,Schweizergarten,,-1,JA,00:00-24:00 Uhr,ganzjährig ohne Einschränkungen,nein - gratis,Unisex 1; barrierefrei 1,Euro Key,B,Barrierefrei,+43 (1) 546 48,MA 48,https://www.wien.gv.at/umwelt/ma48/sauberestadt/wc/,
WCANLAGE2OGD.616507,616507,POINT (16.347816986288077 48.18729580592095),M48_0031,5,Am Hundsturm,ggü. ONr. 13,-1,JA,00:00-24:00 Uhr,ganzjährig ohne Einschränkungen,nein - gratis,Unisex 1; barrierefrei 1,Wickeltisch,B,Barrierefrei,+43 (1) 546 48,MA 48,https://www.wien.gv.at/umwelt/ma48/sauberestadt/wc/,
WCANLAGE2OGD.616508,616508,POINT (16.39870202903089 48.150664713087934),M48_0064,10,WIG 74,Gschroppenhaus,-1,JA,00:00-24:00 Uhr,Wintersperre,nein - gratis,barrierefrei 1; Pissoir; Damen1,Euro Key,B,Barrierefrei,+43 (1) 546 48,MA 48,https://www.wien.gv.at/umwelt/ma48/sauberestadt/wc/,
WCANLAGE2OGD.616509,616509,POINT (16.361406489711808 48.18998539583871),M48_0036,5,Mittersteig,"ONr. 24-28, Parkanlage",-1,JA,00:00-24:00 Uhr,ganzjährig ohne Einschränkungen,nein - gratis,barrierefrei 1,Euro Key,B,Barrierefrei,+43 (1) 546 48,MA 48,https://www.wien.gv.at/umwelt/ma48/sauberestadt/wc/,
WCANLAGE2OGD.616510,616510,POINT (16.2823196792996 48.16842503351543),M48_0080,13,Wolkersbergenstraße / Jakob-Stainer-Gasse,,-1,JA,00:00-24:00 Uhr,ganzjährig ohne Einschränkungen,nein - gratis,Unisex 1; barrierefrei 1; Pissoir,Euro Key,B,Barrierefrei,+43 (1) 546 48,MA 48,https://www.wien.gv.at/umwelt/ma48/sauberestadt/wc/,
WCANLAGE2OGD.616511,616511,POINT (16.358505973924565 48.22288006712988),M48_0054,9,Liechtensteinpark,,-1,JA,00:00-24:00 Uhr,ganzjährig ohne Einschränkungen,nein - gratis,Unisex 1; barrierefrei 1,Euro Key,B,Barrierefrei,+43 (1) 546 48,MA 48,https://www.wien.gv.at/umwelt/ma48/sauberestadt/wc/,
WCANLAGE2OGD.616512,616512,POINT (16.338421952916097 48.17764083934204),M48_0070,12,Aßmayergasse / Karl-Löwe-Gasse,,-1,JA,00:00-24:00 Uhr,ganzjährig ohne Einschränkungen,nein - gratis,Pissoir,keine,M,Herren,+43 (1) 546 48,MA 48,https://www.wien.gv.at/umwelt/ma48/sauberestadt/wc/,
WCANLAGE2OGD.616513,616513,POINT (16.386622484194383 48.17268455389528),M48_0058,10,Puchsbaumplatz,ggü. ONr. 11,-1,JA,00:00-24:00 Uhr,ganzjährig ohne Einschränkungen,nein - gratis,Pissoir,keine,M,Herren,+43 (1) 546 48,MA 48,https://www.wien.gv.at/umwelt/ma48/sauberestadt/wc/,
WCANLAGE2OGD.616514,616514,POINT (16.228422025639816 48.20727524660828),M48_0089,14,Mariabrunn,bei der Kirche,-1,JA,00:00-24:00 Uhr,ganzjährig ohne Einschränkungen,nein - gratis,Unisex 1; barrierefrei 1,Euro Key,B,Barrierefrei,+43 (1) 546 48,MA 48,https://www.wien.gv.at/umwelt/ma48/sauberestadt/wc/,
WCANLAGE2OGD.616515,616515,POINT (16.314748484056782 48.18819824618398),M48_0093,15,Auer-Welsbach-Park / Schloßallee,hinter Tankstelle,-1,JA,00:00-24:00 Uhr,ganzjährig ohne Einschränkungen,nein - gratis,Pissoir,keine,M,Herren,+43 (1) 546 48,MA 48,https://www.wien.gv.at/umwelt/ma48/sauberestadt/wc/,
WCANLAGE2OGD.616516,616516,POINT (16.333250632207115 48.21378668845914),M48_0097,16,Huberpark,,-1,JA,00:00-24:00 Uhr,ganzjährig ohne Einschränkungen,nein - gratis,Unisex 1; barrierefrei 1,Euro Key,B,Barrierefrei,+43 (1) 546 48,MA 48,https://www.wien.gv.at/umwelt/ma48/sauberestadt/wc/,
WCANLAGE2OGD.616517,616517,POINT (16.33070209102179 48.2231483237484),M48_0105,17,Diepoldplatz,ggü. ONr. 12,-1,JA,00:00-24:00 Uhr,ganzjährig ohne Einschränkungen,nein - gratis,Unisex 1; barrierefrei 1,Euro Key,B,Barrierefrei,+43 (1) 546 48,MA 48,https://www.wien.gv.at/umwelt/ma48/sauberestadt/wc/,
WCANLAGE2OGD.616518,616518,POINT (16.277439829680553 48.24074312347211),M48_0112,17,Schwarzenbergpark,Anfang Schwarzenbergallee,-1,JA,00:00-24:00 Uhr,ganzjährig ohne Einschränkungen,nein - gratis,Unisex 1; barrierefrei 1,Euro Key,B,Barrierefrei,+43 (1) 546 48,MA 48,https://www.wien.gv.at/umwelt/ma48/sauberestadt/wc/,
WCANLAGE2OGD.616519,616519,POINT (16.324806032928517 48.23392121192503),M48_0113,18,Bischof-Faber-Platz,ggü. ONr. 1,-1,JA,00:00-24:00 Uhr,ganzjährig ohne Einschränkungen,nein - gratis,Pissoir,keine,M,Herren,+43 (1) 546 48,MA 48,https://www.wien.gv.at/umwelt/ma48/sauberestadt/wc/,
WCANLAGE2OGD.616520,616520,POINT (16.313021357583825 48.25082514343141),M48_0121,19,Hackenberg,Lagerwiese bei Schutzhaus,-1,JA,00:00-24:00 Uhr,ganzjährig ohne Einschränkungen,nein - gratis,Herren 1; barrierefrei 1,Euro Key,B,Barrierefrei,+43 (1) 546 48,MA 48,https://www.wien.gv.at/umwelt/ma48/sauberestadt/wc/,
WCANLAGE2OGD.616521,616521,POINT (16.34123814266299 48.2428180711823),M48_0127,19,Sonnbergplatz,ggü. ONr. 6,-1,JA,00:00-24:00 Uhr,ganzjährig ohne Einschränkungen,nein - gratis,Unisex 2; barrierefrei 1,Euro Key,B,Barrierefrei,+43 (1) 546 48,MA 48,https://www.wien.gv.at/umwelt/ma48/sauberestadt/wc/,
WCANLAGE2OGD.616522,616522,POINT (16.361823591920572 48.259691351143815),M48_0129,19,Zahnradbahnstraße,Endstelle Linie D,-1,JA,00:00-24:00 Uhr,ganzjährig ohne Einschränkungen,nein - gratis,Pissoir,keine,M,Herren,+43 (1) 546 48,MA 48,https://www.wien.gv.at/umwelt/ma48/sauberestadt/wc/,
WCANLAGE2OGD.616523,616523,POINT (16.34873251317136 48.194952815842136),M48_0042,6,Loquaiplatz,ggü. Königseggasse,-1,JA,00:00-24:00 Uhr,ganzjährig ohne Einschränkungen,nein - gratis,Unisex 1; barrierefrei 1; Pissoir,Euro Key,B,Barrierefrei,+43 (1) 546 48,MA 48,https://www.wien.gv.at/umwelt/ma48/sauberestadt/wc/,
WCANLAGE2OGD.616524,616524,POINT (16.380240837482596 48.22819879641238),M48_0015,2,Rabbiner-Schneerson-Platz,,-1,JA,00:00-24:00 Uhr,ganzjährig ohne Einschränkungen,nein - gratis,Pissoir,keine,M,Herren,+43 (1) 546 48,MA 48,https://www.wien.gv.at/umwelt/ma48/sauberestadt/wc/,
WCANLAGE2OGD.616525,616525,POINT (16.39535338690536 48.20796115276524),M48_0025,3,Hundertwasserhaus,Kegelgasse / Löwengasse,-1,JA,während der Betriebszeiten,außerhalb der Betriebszeiten geschlossen,ja - gratis,Pissoir; Herren 2; Damen 2,,U,Damen und Herren,,Privat,,
WCANLAGE2OGD.616526,616526,POINT (16.3300969901207 48.17786230587338),M48_0071,12,Meidlinger Hauptstraße / Pohlgasse,,-1,JA,06:00-23:00 Uhr,ganzjährig ohne Einschränkungen,nein - gratis,Unisex 1; barrierefrei 1,Euro Key,B,Barrierefrei,+43 (1) 546 48,MA 48,https://www.wien.gv.at/umwelt/ma48/sauberestadt/wc/,
WCANLAGE2OGD.616527,616527,POINT (16.246798593150192 48.21079148833658),M48_0091,14,Wolfersberg,Lagerwiese bei Sender,-1,JA,00:00-24:00 Uhr,ganzjährig ohne Einschränkungen,nein - gratis,Unisex 2; barrierefrei 1,Euro Key,B,Barrierefrei,+43 (1) 546 48,MA 48,https://www.wien.gv.at/umwelt/ma48/sauberestadt/wc/,
WCANLAGE2OGD.616528,616528,POINT (16.277675195552263 48.21504287431215),M48_0095,16,Heschweg / Johann-Staud-Straße,,-1,JA,00:00-24:00 Uhr,ganzjährig ohne Einschränkungen,nein - gratis,Unisex 1; barrierefrei 1; Pissoir,keine,B,Barrierefrei,+43 (1) 546 48,MA 48,https://www.wien.gv.at/umwelt/ma48/sauberestadt/wc/,
WCANLAGE2OGD.616529,616529,POINT (16.417737231932712 48.23170121614663),M48_0149,22,Arcotel,Wagramer Straße 8,-1,JA,während der Betriebszeiten,außerhalb der Betriebszeiten geschlossen,nein - gratis,Pissoir; barrierefrei 1; Unisex 1,Barrierefrei,U,Damen und Herren,,Privat,,
WCANLAGE2OGD.616530,616530,POINT (16.36862572715175 48.232065274925986),M48_0135,20,Hannovermarkt / Hannovergasse,ggü. ONr. 29,-1,JA,00:00-24:00 Uhr,ganzjährig ohne Einschränkungen,nein - gratis,Unisex 2; barrierefrei 1; Pissoir,Euro Key,B,Barrierefrei,+43 (1) 546 48,MA 48,https://www.wien.gv.at/umwelt/ma48/sauberestadt/wc/,
WCANLAGE2OGD.616531,616531,POINT (16.408400305162996 48.276729493278474),M48_0141,21,Frauenstiftgasse / Brünner Straße,,-1,JA,00:00-24:00 Uhr,ganzjährig ohne Einschränkungen,nein - gratis,Unisex 1; barrierefrei 1; Pissoir,Euro Key,B,Barrierefrei,+43 (1) 546 48,MA 48,https://www.wien.gv.at/umwelt/ma48/sauberestadt/wc/,
WCANLAGE2OGD.616532,616532,POINT (16.27104125112012 48.190403128565436),M48_0364,13,Streckerplatz / Streckerpark,,-1,JA,00:00-24:00 Uhr,ganzjährig ohne Einschränkungen,nein - gratis,Unisex 1; barrierefrei 1,Euro Key,B,Barrierefrei,+43 (1) 546 48,MA 48,https://www.wien.gv.at/umwelt/ma48/sauberestadt/wc/,
WCANLAGE2OGD.616533,616533,POINT (16.294757423795673 48.21520547736716),M48_0094,16,Gallitzinstraße / Funkengerngasse,,-1,JA,00:00-24:00 Uhr,ganzjährig ohne Einschränkungen,nein - gratis,Pissoir,keine,M,Herren,+43 (1) 546 48,MA 48,https://www.wien.gv.at/umwelt/ma48/sauberestadt/wc/,
WCANLAGE2OGD.616534,616534,POINT (16.338244589008994 48.178295263025184),M48_0368,12,Wilhelmsdorfer Park,,-1,JA,00:00-24:00 Uhr,ganzjährig ohne Einschränkungen,nein - gratis,Unisex 1; barrierefrei 1,keine,U,Damen und Herren,+43 (1) 546 48,MA 48,https://www.wien.gv.at/umwelt/ma48/sauberestadt/wc/,
WCANLAGE2OGD.616535,616535,POINT (16.3510557774303 48.21190264009841),M48_0049,8,Florianigasse,Schönbornpark,-1,JA,00:00-24:00 Uhr,ganzjährig ohne Einschränkungen,nein - gratis,Unisex 1; barrierefrei 1,Euro Key,B,Barrierefrei,+43 (1) 546 48,MA 48,https://www.wien.gv.at/umwelt/ma48/sauberestadt/wc/,
WCANLAGE2OGD.616536,616536,POINT (16.337550565540713 48.23398456918493),M48_0118,18,Türkenschanzpark,Gregor-Mendel-Straße/Hasenauerstraße,-1,JA,00:00-24:00 Uhr,ganzjährig ohne Einschränkungen,nein - gratis,Unisex 1; barrierefrei 2,Euro Key,B,Barrierefrei,+43 (1) 546 48,MA 48,https://www.wien.gv.at/umwelt/ma48/sauberestadt/wc/,
WCANLAGE2OGD.616537,616537,POINT (16.379568951150432 48.24431701802223),M48_0133,20,Friedrich-Engels-Platz,Haltestelle Linie 31 und 33,-1,JA,00:00-24:00 Uhr,ganzjährig ohne Einschränkungen,nein - gratis,Unisex 1; barrierefrei 1; Pissoir,Euro Key,B,Barrierefrei,+43 (1) 546 48,MA 48,https://www.wien.gv.at/umwelt/ma48/sauberestadt/wc/,
WCANLAGE2OGD.616538,616538,POINT (16.323475671344916 48.22412242001781),M48_0109,17,Lidlpark / Roggendorfgasse,ggü. ONr. 5,-1,JA,00:00-24:00 Uhr,ganzjährig ohne Einschränkungen,nein - gratis,Unisex 1; barrierefrei 1; Pissoir,Euro Key,B,Barrierefrei,+43 (1) 546 48,MA 48,https://www.wien.gv.at/umwelt/ma48/sauberestadt/wc/,
WCANLAGE2OGD.616539,616539,POINT (16.344809646995035 48.22521771930582),M48_0115,18,Kutschkermarkt,,-1,JA,00:00-24:00 Uhr,ganzjährig ohne Einschränkungen,nein - gratis,Unisex 1; barrierefrei 1,Euro Key,B,Barrierefrei,+43 (1) 546 48,MA 48,https://www.wien.gv.at/umwelt/ma48/sauberestadt/wc/,
WCANLAGE2OGD.616540,616540,POINT (16.32607586367467 48.213119797893405),M48_0103,16,Johann-Nepomuk-Berger-Platz,,-1,JA,00:00-24:00 Uhr,ganzjährig ohne Einschränkungen,nein - gratis,Unisex 1; barrierefrei 1,Euro Key,B,Barrierefrei,+43 (1) 546 48,MA 48,https://www.wien.gv.at/umwelt/ma48/sauberestadt/wc/,
WCANLAGE2OGD.616541,616541,POINT (16.34840716567692 48.23219285323461),M48_0743,18,Währingerpark,,-1,JA,00:00-24:00 Uhr,ganzjährig ohne Einschränkungen,nein - gratis,Unisex 1; barrierefrei 1,Euro Key,B,Barrierefrei,+43 (1) 546 48,MA 48,https://www.wien.gv.at/umwelt/ma48/sauberestadt/wc/,
WCANLAGE2OGD.616542,616542,POINT (16.377418836886417 48.217449466502444),M48_0010,2,Karmelitermarkt,,-1,JA,00:00-24:00 Uhr,ganzjährig ohne Einschränkungen,nein - gratis,Unisex 1; barrierefrei 2; Pissoir; Damen 1; Herren 1,Euro Key,B,Barrierefrei,+43 (1) 546 48,MA 48,https://www.wien.gv.at/umwelt/ma48/sauberestadt/wc/,
WCANLAGE2OGD.616543,616543,POINT (16.38276810678706 48.19967461587746),M48_0023,3,Am Modenapark,ggü. ONr. 4,-1,JA,00:00-24:00 Uhr,ganzjährig ohne Einschränkungen,nein - gratis,Unisex 1; barrierefrei 1,Euro Key,B,Barrierefrei,+43 (1) 546 48,MA 48,https://www.wien.gv.at/umwelt/ma48/sauberestadt/wc/,
WCANLAGE2OGD.616544,616544,POINT (16.402955160241095 48.184005794260074),M48_0027,3,St. Marxer Friedhof / Leberstraße 6-8,,-1,JA,Parköffnungszeiten,ganzjährig ohne Einschränkungen,nein - gratis,Unisex 2; barrierefrei 1,Euro Key,B,Barrierefrei,+43 (1) 546 48,MA 48,https://www.wien.gv.at/umwelt/ma48/sauberestadt/wc/,
WCANLAGE2OGD.616545,616545,POINT (16.333008436728143 48.18108184981323),M48_0072,12,Meidlinger Markt / Niederhofstraße,,-1,JA,00:00-24:00 Uhr,ganzjährig ohne Einschränkungen,"Okt-Mai Mo-Fr: 10-22 Uhr, Sa: 8-22 Uhr, So: 10-18 Uhr; Jun-Sep Mo-Fr: 10-23 Uhr, Sa: 8-23 Uhr, So: 10-18 Uhr",Damen/barrierefrei 1: Herren 1; Pissoir,"Defibrilator, Feuerlöscher, Erste Hilfe Kasten, Euro Key",B,Barrierefrei,+43 (1) 546 48,MA 48,https://www.wien.gv.at/umwelt/ma48/sauberestadt/wc/,
WCANLAGE2OGD.616546,616546,POINT (16.272661772383845 48.16582646815812),M48_0734,13,Pensionistenwohnhaus Föhrenhof,,-1,JA,während der Betriebszeiten,außerhalb der Betriebszeiten geschlossen,nein - gratis,Pissoir; barrierefrei 1; Damen 1; Herren 1,,B,Barrierefrei,,Privat,,
WCANLAGE2OGD.616547,616547,POINT (16.309512224946527 48.20419718637516),M48_0474,16,Mistplatz Ottakring,Kendlerstraße 38,-1,JA,"Mo-Fr 7:00-18:00 Uhr, Sa 8:00-18:00 Uhr",ganzjährig ohne Einschränkungen,nein - gratis,Unisex 1,"Defibrilator, Feuerlöscher, Erste Hilfe Kasten",B,Barrierefrei,+43 (1) 546 48,MA 48,https://www.wien.gv.at/umwelt/ma48/sauberestadt/wc/,
WCANLAGE2OGD.616548,616548,POINT (16.320640478245277 48.2250684807959),M48_0631,17,Mistplatz Hernals,Richthausenstraße 4,-1,JA,Mo-Sa 7:00-18:00 Uhr,ganzjährig ohne Einschränkungen,nein - gratis,Pissoir; barrierefrei 1; Damen 1; Herren1,"Defibrilator, Feuerlöscher, Erste Hilfe Kasten",B,Barrierefrei,+43 (1) 546 48,MA 48,https://www.wien.gv.at/umwelt/ma48/sauberestadt/wc/,
WCANLAGE2OGD.616549,616549,POINT (16.44762596978278 48.21239479657657),M48_0788,22,Mistplatz Stadlau,Mühlwasserstraße 2,-1,JA,Mo-Sa 7:00-18:00 Uhr,ganzjährig ohne Einschränkungen,nein - gratis,Unisex 1,"Defibrilator, Feuerlöscher, Erste Hilfe Kasten",U,Damen und Herren,+43 (1) 546 48,MA 48,https://www.wien.gv.at/umwelt/ma48/sauberestadt/wc/,
WCANLAGE2OGD.616550,616550,POINT (16.367473108916975 48.142650736927806),M48_0304,23,Mistplatz Inzersdorf,Südrandstraße 2,-1,JA,Mo-Sa 7:00-18:00 Uhr,ganzjährig ohne Einschränkungen,nein - gratis,barrierefrei 1; Damen 1; Herren1,"Defibrilator, Feuerlöscher, Erste Hilfe Kasten",B,Barrierefrei,+43 (1) 546 48,MA 48,https://www.wien.gv.at/umwelt/ma48/sauberestadt/wc/,
WCANLAGE2OGD.616551,616551,POINT (16.307137560378365 48.22201435135853),M48_0098,16,Kongreßpark,,-1,JA,00:00-24:00 Uhr,ganzjährig ohne Einschränkungen,nein - gratis,Unisex 1; barrierefrei 1,Euro Key,B,Barrierefrei,+43 (1) 546 48,MA 48,https://www.wien.gv.at/umwelt/ma48/sauberestadt/wc/,
WCANLAGE2OGD.616552,616552,POINT (16.342475924906292 48.21157507346339),M48_0048,8,Restaurant Prinz Ferdinand,Bennoplatz 2,-1,JA,Lokalöffnungszeiten,außerhalb der Betriebszeiten geschlossen,nein - gratis,Pissoir; Herren 1; Damen 1,,U,Damen und Herren,,Privat,,
WCANLAGE2OGD.616553,616553,POINT (16.46728888994947 48.26573721995528),M48_0285,22,Mistplatz Rinterzelt,Percostraße 4,-1,JA,Mo-Sa 7:00-18:00 Uhr,ganzjährig ohne Einschränkungen,nein - gratis,Unisex 1; Pissoir,"Defibrilator, Feuerlöscher, Erste Hilfe Kasten",B,Barrierefrei,+43 (1) 546 48,MA 48,https://www.wien.gv.at/umwelt/ma48/sauberestadt/wc/,
WCANLAGE2OGD.616554,616554,POINT (16.37154093115672 48.229971025630924),M48_0136,20,Wallensteinplatz,,-1,JA,00:00-24:00 Uhr,ganzjährig ohne Einschränkungen,nein - gratis,Unisex 1; barrierefrei 1; Pissoir,Euro Key,B,Barrierefrei,+43 (1) 546 48,MA 48,https://www.wien.gv.at/umwelt/ma48/sauberestadt/wc/,
WCANLAGE2OGD.616555,616555,POINT (16.310830245594545 48.227373440336855),M48_0104,17,Alszeile,Eingang Dornbacher Friedhof,-1,JA,00:00-24:00 Uhr,ganzjährig ohne Einschränkungen,nein - gratis,Pissoir,keine,M,Herren,+43 (1) 546 48,MA 48,https://www.wien.gv.at/umwelt/ma48/sauberestadt/wc/,
WCANLAGE2OGD.616556,616556,POINT (16.310756826719906 48.227450109088984),M48_0106,17,Dornbacher Friedhof,bei Eingang,-1,JA,00:00-24:00 Uhr,ganzjährig ohne Einschränkungen,nein - gratis,Unisex 1; barrierefrei 1; Pissoir,Euro Key,B,Barrierefrei,+43 (1) 546 48,MA 48,https://www.wien.gv.at/umwelt/ma48/sauberestadt/wc/,
WCANLAGE2OGD.616557,616557,POINT (16.319620111578985 48.225017266451786),M48_0108,17,Leopold-Kunschak-Platz,Hernalser Friedhof,-1,JA,00:00-24:00 Uhr,ganzjährig ohne Einschränkungen,nein - gratis,barrierefrei 1,keine,B,Barrierefrei,+43 (1) 546 48,MA 48,https://www.wien.gv.at/umwelt/ma48/sauberestadt/wc/,
WCANLAGE2OGD.616558,616558,POINT (16.33932504715635 48.22706649910341),M48_0117,18,Schubertpark / Währinger Straße,,-1,JA,00:00-24:00 Uhr,ganzjährig ohne Einschränkungen,nein - gratis,Unisex 1; barrierefrei 1,Euro Key,B,Barrierefrei,+43 (1) 546 48,MA 48,https://www.wien.gv.at/umwelt/ma48/sauberestadt/wc/,
WCANLAGE2OGD.616559,616559,POINT (16.367362251215745 48.257782337201625),M48_0124,19,Nußdorfer Markt / Sickenberggasse,,-1,JA,00:00-24:00 Uhr,ganzjährig ohne Einschränkungen,nein - gratis,Unisex 2; barrierefrei 1,Euro Key,B,Barrierefrei,+43 (1) 546 48,MA 48,https://www.wien.gv.at/umwelt/ma48/sauberestadt/wc/,
WCANLAGE2OGD.616560,616560,POINT (16.36747527923974 48.26035297756724),M48_0125,19,Nußdorfer Platz  / Heiligenstädter Straße,,-1,JA,00:00-24:00 Uhr,ganzjährig ohne Einschränkungen,nein - gratis,Unisex 2; Pissoir,Euro Key,U,Damen und Herren,+43 (1) 546 48,MA 48,https://www.wien.gv.at/umwelt/ma48/sauberestadt/wc/,
WCANLAGE2OGD.616561,616561,POINT (16.321323272792394 48.25198722228716),M48_0126,19,Sieveringer Straße,"ggü. ONr. 177, Pfarrkirche",-1,JA,00:00-24:00 Uhr,ganzjährig ohne Einschränkungen,nein - gratis,Pissoir,keine,M,Herren,+43 (1) 546 48,MA 48,https://www.wien.gv.at/umwelt/ma48/sauberestadt/wc/,
WCANLAGE2OGD.616562,616562,POINT (16.291722249824566 48.2333051019915),M48_0111,17,Neuwaldegg / Rudolf-Kirchschläger-Platz,,-1,JA,00:00-24:00 Uhr,ganzjährig ohne Einschränkungen,nein - gratis,Unisex 1; barrierefrei 1; Pissoir,Euro Key,B,Barrierefrei,+43 (1) 546 48,MA 48,https://www.wien.gv.at/umwelt/ma48/sauberestadt/wc/,
WCANLAGE2OGD.616563,616563,POINT (16.42051543826352 48.2978769524999),M48_0144,21,Stammersdorf / Bahnhofplatz,Endstelle Linie 31,-1,JA,00:00-24:00 Uhr,ganzjährig ohne Einschränkungen,nein - gratis,Unisex 2; barrierefrei 1,Euro Key,B,Barrierefrei,+43 (1) 546 48,MA 48,https://www.wien.gv.at/umwelt/ma48/sauberestadt/wc/,
WCANLAGE2OGD.616564,616564,POINT (16.386664528317244 48.29154063147767),M48_0145,21,Strebersdorf / Rußbergstraße,Endstelle Linie 26,-1,JA,00:00-24:00 Uhr,ganzjährig ohne Einschränkungen,nein - gratis,Unisex 2; barrierefrei 2,Euro Key,B,Barrierefrei,+43 (1) 546 48,MA 48,https://www.wien.gv.at/umwelt/ma48/sauberestadt/wc/,
WCANLAGE2OGD.616565,616565,POINT (16.361989930317883 48.19799362246325),M48_0039,6,Linke Wienzeile,ggü. ONr. 26,-1,JA,siehe Personalbetreuung,barrierefreie Kabine mittels Euro Key,Mo-Sa: 6-22 Uhr,barrierefrei 1; Pissoir; Herren 3; Damen 4,"Defibrilator, Feuerlöscher, Erste Hilfe Kasten, Euro Key",B,Barrierefrei,+43 (1) 546 48,MA 48,https://www.wien.gv.at/umwelt/ma48/sauberestadt/wc/,
WCANLAGE2OGD.616566,616566,POINT (16.359537386005684 48.19727269250694),M48_0040,6,Linke Wienzeile,ggü. ONr. 38,-1,JA,siehe Personalbetreuung,barrierefreie Kabine mittels Euro Key,"Mo-Fr: 6-18:30 Uhr, Sa: 6-17 Uhr",barrierefrei 1; Pissoir; Herren 3; Damen 4,"Defibrilator, Feuerlöscher, Erste Hilfe Kasten, Euro Key",B,Barrierefrei,+43 (1) 546 48,MA 48,https://www.wien.gv.at/umwelt/ma48/sauberestadt/wc/,
WCANLAGE2OGD.616567,616567,POINT (16.38934220465082 48.1770245399322),M48_0202,10,Mistplatz Favoriten,Eva-Zilcher-Gasse 3,-1,JA,Mo-Sa 7:00-18:00 Uhr,ganzjährig ohne Einschränkungen,nein - gratis,Unisex 1; Pissoir,"Defibrilator, Feuerlöscher, Erste Hilfe Kasten",B,Barrierefrei,+43 (1) 546 48,MA 48,https://www.wien.gv.at/umwelt/ma48/sauberestadt/wc/,
WCANLAGE2OGD.616568,616568,POINT (16.36806651761352 48.25533908422678),M48_0529,19,Mistplatz Heiligenstadt,Grinzinger Straße 151,-1,JA,"Mo-Fr 7:00-18:00 Uhr, Sa 8:00-18:00 Uhr",ganzjährig ohne Einschränkungen,nein - gratis,Pissoir; barrierefrei 1; Damen 1; Herren1,"Defibrilator, Feuerlöscher, Erste Hilfe Kasten",B,Barrierefrei,+43 (1) 546 48,MA 48,https://www.wien.gv.at/umwelt/ma48/sauberestadt/wc/,
WCANLAGE2OGD.616569,616569,POINT (16.45529498635966 48.17722100646628),M48_0216,11,Mistplatz Simmering,Johann-Petrak-Gasse .1-3,-1,JA,Mo-Sa 7:00-18:00 Uhr,ganzjährig ohne Einschränkungen,nein - gratis,Unisex 1,"Defibrilator, Feuerlöscher, Erste Hilfe Kasten",B,Barrierefrei,+43 (1) 546 48,MA 48,https://www.wien.gv.at/umwelt/ma48/sauberestadt/wc/,
WCANLAGE2OGD.616570,616570,POINT (16.327748697115496 48.21011687282703),M48_0100,16,Richard-Wagner-Platz / Thaliastraße,,-1,JA,00:00-24:00 Uhr,ganzjährig ohne Einschränkungen,nein - gratis,Unisex 1; barrierefrei 1,Euro Key,B,Barrierefrei,+43 (1) 546 48,MA 48,https://www.wien.gv.at/umwelt/ma48/sauberestadt/wc/,
WCANLAGE2OGD.616571,616571,POINT (16.416924989273753 48.204477799261724),M48_0018,2,Stadionallee / Pierre-de-Coubertin-Platz,,-1,JA,00:00-24:00 Uhr,ganzjährig ohne Einschränkungen,"Apr-Okt: Sa, So, Ft, Fenstertag: 14-20 Uhr",Unisex 3; barrierefrei 1,"Defibrilator, Feuerlöscher, Erste Hilfe Kasten, Euro Key",B,Barrierefrei,+43 (1) 546 48,MA 48,https://www.wien.gv.at/umwelt/ma48/sauberestadt/wc/,
WCANLAGE2OGD.616572,616572,POINT (16.39156902969306 48.21877984157154),WL_003,2,SANIFAIR U-Bahn Station Praterstern,,-1,JA,00:00-24:00 Uhr,"vorübergehend geschlossen, Nacht/Barrierefreies-WC geöffnet","vorübergehend geschlossen, Nacht/Barrierefreies - WC 24/7 geöffnet",Damen 3; Herren 1; Pissior 1; barrierefrei 1,"Babywickelraum, Wickeltisch, Barrierefreies WC, Eurokey, Nacht WC, Handdesinfektion",B,Barrierefrei,+43 (0) 800 95 55 777,Wr. Linien,,
WCANLAGE2OGD.616573,616573,POINT (16.410656400420756 48.1717650798671),M48_0067,11,Herder-Park,Herderplatz ggü. ONr. 5,-1,JA,00:00-24:00 Uhr,ganzjährig ohne Einschränkungen,nein - gratis,Unisex 1; barrierefrei 1; Pissoir,Euro Key,B,Barrierefrei,+43 (1) 546 48,MA 48,https://www.wien.gv.at/umwelt/ma48/sauberestadt/wc/,
